id, correctAnswer
102501, D
102502, A
102503, A
102504, A
102505, A
102506, A
102507, A
102508, A
102509, A
102510, A
102511, A
102512, A
102513, A
102514, A
102515, A
102516, A
102517, A
102518, A
102519, A
102520, A
102521, A
102522, A
102523, C
102524, A
102525, A
102526, A
102527, A
102528, D
102529, B
102530, A
102531, D
102532, A
102533, A
102534, A
102535, A
102536, D
102537, A
102538, A
102539, A
102540, A
102541, A
102542, A
102543, A
102544, A
102545, A
102546, A
102547, A
102548, A
102549, A
102550, A
102551, A
102552, B
102553, A
102554, A
102555, A
102556, A
102557, A
102558, A
102559, A
102560, A
102561, A
102562, A
102563, B
102564, A
102565, A
102566, A
102567, A
102568, C
102569, A
102570, A
102571, A
102572, A
102573, A
102574, A
102575, C
102576, A
102577, C
102578, A
102579, A
102580, A
102581, A
102582, A
102583, D
102584, A
102585, A
102586, A
102587, B
102588, A
102589, A
102590, D
102591, A
102592, A
102593, A
102594, A
102595, A
102596, A
102597, A
102598, D
102599, A
102600, D
102601, A
102602, A
102603, A
102604, A
102605, A
102606, A
102607, A
102608, A
102609, A
102610, A
102611, A
102612, A
102613, A
102614, C
102615, A
102616, A
102617, A
102618, A
102619, D
102620, A
102621, A
102622, A
102623, B
102624, A
102625, D
102626, A
102627, A
102628, A
102629, A
102630, A
102631, A
102632, D
102633, A
102634, B
102635, A
102636, D
102637, B
102638, D
102639, A
102640, A
102641, D
102642, A
102643, A
102644, A
102645, B
102646, A
102647, A
102648, B
102649, C
102650, B
102651, A
102652, B
102653, A
102654, A
102655, A
102656, A
102657, A
102658, A
102659, A
102660, B
102661, A
102662, A
102663, A
102664, A
102665, A
102666, C
102667, A
102668, A
102669, A
102670, A
102671, C
102672, A
102673, D
102674, A
102675, A
102676, A
102677, A
102678, A
102679, A
102680, D
102681, A
102682, D
102683, A
102684, A
102685, A
102686, A
102687, A
102688, A
102689, D
102690, C
102691, B
102692, A
102693, A
102694, A
102695, A
102696, A
102697, A
102698, A
102699, A
102700, A
102701, A
102702, C
102703, C
102704, A
102705, C
102706, A
102707, A
102708, D
102709, A
102710, A
102711, A
102712, A
102713, A
102714, A
102715, A
102716, A
102717, B
102718, A
102719, A
102720, A
102721, C
102722, A
102723, A
102724, A
102725, A
102726, A
102727, A
102728, A
102729, A
102730, A
102731, B
102732, A
102733, A
102734, A
102735, A
102736, A
102737, A
102738, A
102739, A
102740, A
102741, A
102742, A
102743, A
102744, A
102745, A
102746, A
102747, C
102748, A
102749, B
102750, A
102751, A
102752, A
102753, A
102754, A
102755, B
102756, A
102757, A
102758, A
102759, A
102760, A
102761, A
102762, A
102763, B
102764, A
102765, A
102766, A
102767, A
102768, A
102769, A
102770, A
102771, A
102772, B
102773, A
102774, A
102775, A
102776, A
102777, A
102778, A
102779, A
102780, A
102781, A
102782, A
102783, A
102784, A
102785, A
102786, A
102787, A
102788, A
102789, A
102790, C
102791, A
102792, A
102793, D
102794, A
102795, A
102796, A
102797, A
102798, A
102799, A
102800, A
102801, A
102802, A
102803, D
102804, A
102805, A
102806, A
102807, B
102808, A
102809, A
102810, D
102811, A
102812, A
102813, A
102814, B
102815, A
102816, B
102817, A
102818, A
102819, A
102820, A
102821, A
102822, A
102823, A
102824, A
102825, A
102826, A
102827, A
102828, A
102829, A
102830, A
102831, A
102832, A
102833, A
102834, A
102835, C
102836, A
102837, A
102838, A
102839, A
102840, A
102841, A
102842, A
102843, A
102844, A
102845, A
102846, D
102847, A
102848, A
102849, A
102850, A
102851, A
102852, C
102853, A
102854, A
102855, A
102856, A
102857, A
102858, C
102859, A
102860, A
102861, A
102862, A
102863, A
102864, A
102865, D
102866, A
102867, A
102868, A
102869, A
102870, A
102871, A
102872, A
102873, A
102874, A
102875, A
102876, A
102877, A
102878, A
102879, A
102880, A
102881, A
102882, A
102883, B
102884, A
102885, A
102886, A
102887, A
102888, A
102889, B
102890, D
102891, A
102892, B
102893, A
102894, A
102895, A
102896, A
102897, D
102898, C
102899, A
102900, A
102901, C
102902, A
102903, A
102904, A
102905, B
102906, D
102907, A
102908, A
102909, A
102910, A
102911, C
102912, A
102913, A
102914, A
102915, A
102916, A
102917, A
102918, D
102919, A
102920, B
102921, D
102922, A
102923, A
102924, A
102925, A
102926, A
102927, A
102928, A
102929, A
102930, C
102931, A
102932, A
102933, A
102934, A
102935, A
102936, B
102937, A
102938, A
102939, A
102940, C
102941, C
102942, A
102943, A
102944, A
102945, A
102946, A
102947, A
102948, D
102949, D
102950, A
102951, A
102952, A
102953, A
102954, D
102955, A
102956, A
102957, A
102958, D
102959, A
102960, D
102961, A
102962, A
102963, D
102964, A
102965, A
102966, A
102967, C
102968, A
102969, A
102970, A
102971, A
102972, D
102973, B
102974, A
102975, A
102976, A
102977, A
102978, A
102979, A
102980, A
102981, A
102982, A
102983, A
102984, A
102985, B
102986, A
102987, A
102988, A
102989, C
102990, A
102991, B
102992, A
102993, A
102994, A
102995, B
102996, A
102997, A
102998, A
102999, A
103000, A
103001, A
103002, D
103003, B
103004, A
103005, C
103006, A
103007, A
103008, A
103009, C
103010, A
103011, A
103012, A
103013, B
103014, A
103015, C
103016, A
103017, A
103018, A
103019, A
103020, A
103021, A
103022, D
103023, A
103024, A
103025, A
103026, A
103027, A
103028, A
103029, A
103030, A
103031, A
103032, A
103033, A
103034, A
103035, A
103036, A
103037, A
103038, A
103039, A
103040, B
103041, A
103042, A
103043, C
103044, A
103045, A
103046, A
103047, A
103048, B
103049, A
103050, A
103051, A
103052, A
103053, A
103054, A
103055, D
103056, A
103057, B
103058, A
103059, A
103060, A
103061, A
103062, A
103063, A
103064, A
103065, A
103066, D
103067, A
103068, A
103069, B
103070, A
103071, A
103072, D
103073, A
103074, C
103075, B
103076, A
103077, A
103078, A
103079, A
103080, D
103081, A
103082, C
103083, B
103084, D
103085, B
103086, A
103087, C
103088, A
103089, A
103090, A
103091, B
103092, A
103093, A
103094, A
103095, A
103096, A
103097, A
103098, A
103099, A
103100, A
103101, C
103102, C
103103, A
103104, A
103105, B
103106, A
103107, B
103108, B
103109, A
103110, A
103111, A
103112, A
103113, B
103114, B
103115, A
103116, A
103117, A
103118, A
103119, A
103120, A
103121, A
103122, A
103123, B
103124, A
103125, C
103126, C
103127, A
103128, A
103129, A
103130, A
103131, D
103132, A
103133, A
103134, A
103135, A
103136, A
103137, A
103138, A
103139, A
103140, A
103141, A
103142, A
103143, A
103144, A
103145, A
103146, A
103147, A
103148, A
103149, A
103150, A
103151, D
103152, A
103153, A
103154, A
103155, A
103156, A
103157, A
103158, A
103159, C
103160, A
103161, A
103162, A
103163, A
103164, C
103165, A
103166, A
103167, A
103168, A
103169, A
103170, B
103171, A
103172, A
103173, A
103174, A
103175, C
103176, D
103177, A
103178, A
103179, C
103180, A
103181, A
103182, C
103183, A
103184, A
103185, A
103186, C
103187, A
103188, A
103189, B
103190, D
103191, A
103192, A
103193, A
103194, A
103195, A
103196, A
103197, A
103198, D
103199, C
103200, A
103201, A
103202, A
103203, A
103204, A
103205, A
103206, B
103207, A
103208, C
103209, A
103210, D
103211, A
103212, A
103213, C
103214, A
103215, A
103216, A
103217, A
103218, A
103219, B
103220, B
103221, A
103222, A
103223, A
103224, A
103225, A
103226, A
103227, A
103228, C
103229, A
103230, D
103231, A
103232, A
103233, A
103234, A
103235, A
103236, A
103237, A
103238, A
103239, A
103240, A
103241, A
103242, A
103243, A
103244, A
103245, A
103246, A
103247, A
103248, A
103249, A
103250, A
103251, A
103252, C
103253, A
103254, A
103255, A
103256, C
103257, A
103258, A
103259, B
103260, A
103261, A
103262, A
103263, A
103264, A
103265, A
103266, A
103267, B
103268, A
103269, A
103270, A
103271, A
103272, C
103273, A
103274, A
103275, A
103276, A
103277, A
103278, A
103279, A
103280, A
103281, A
103282, B
103283, A
103284, A
103285, B
103286, A
103287, A
103288, A
103289, A
103290, A
103291, A
103292, A
103293, A
103294, D
103295, D
103296, A
103297, A
103298, A
103299, A
103300, A
103301, A
103302, A
103303, A
103304, A
103305, A
103306, A
103307, A
103308, A
103309, A
103310, A
103311, A
103312, D
103313, A
103314, A
103315, A
103316, A
103317, A
103318, A
103319, C
103320, A
103321, A
103322, A
103323, A
103324, D
103325, A
103326, A
103327, D
103328, A
103329, A
103330, C
103331, A
103332, A
103333, B
103334, B
103335, A
103336, A
103337, A
103338, A
103339, A
103340, A
103341, A
103342, A
103343, D
103344, A
103345, A
103346, A
103347, A
103348, D
103349, A
103350, A
103351, A
103352, A
103353, B
103354, A
103355, A
103356, A
103357, A
103358, A
103359, A
103360, A
103361, A
103362, A
103363, D
103364, A
103365, A
103366, A
103367, A
103368, A
103369, A
103370, A
103371, A
103372, A
103373, A
103374, D
103375, A
103376, A
103377, A
103378, A
103379, A
103380, A
103381, A
103382, B
103383, A
103384, A
103385, A
103386, A
103387, A
103388, B
103389, A
103390, A
103391, A
103392, A
103393, D
103394, A
103395, A
103396, D
103397, A
103398, C
103399, A
103400, A
103401, A
103402, A
103403, A
103404, A
103405, A
103406, A
103407, A
103408, A
103409, A
103410, A
103411, A
103412, A
103413, A
103414, A
103415, A
103416, A
103417, A
103418, A
103419, A
103420, B
103421, A
103422, A
103423, A
103424, D
103425, A
103426, A
103427, A
103428, A
103429, D
103430, B
103431, A
103432, A
103433, A
103434, A
103435, D
103436, A
103437, A
103438, A
103439, A
103440, A
103441, A
103442, A
103443, A
103444, C
103445, A
103446, A
103447, A
103448, A
103449, A
103450, A
103451, C
103452, A
103453, A
103454, A
103455, C
103456, A
103457, A
103458, A
103459, A
103460, A
103461, A
103462, A
103463, A
103464, D
103465, A
103466, A
103467, A
103468, C
103469, A
103470, A
103471, A
103472, C
103473, A
103474, C
103475, D
103476, C
103477, A
103478, A
103479, A
103480, A
103481, B
103482, A
103483, A
103484, A
103485, A
103486, A
103487, D
103488, A
103489, C
103490, A
103491, D
103492, A
103493, A
103494, A
103495, D
103496, A
103497, A
103498, A
103499, B
103500, A
103501, A
103502, A
103503, A
103504, A
103505, A
103506, A
103507, C
103508, D
103509, A
103510, A
103511, D
103512, A
103513, A
103514, A
103515, A
103516, A
103517, A
103518, A
103519, A
103520, A
103521, C
103522, A
103523, A
103524, C
103525, A
103526, A
103527, D
103528, A
103529, B
103530, A
103531, A
103532, A
103533, A
103534, A
103535, A
103536, D
103537, A
103538, A
103539, B
103540, A
103541, A
103542, A
103543, A
103544, A
103545, A
103546, A
103547, A
103548, A
103549, A
103550, C
103551, A
103552, A
103553, D
103554, A
103555, A
103556, A
103557, A
103558, A
103559, A
103560, B
103561, A
103562, A
103563, A
103564, A
103565, A
103566, A
103567, A
103568, C
103569, A
103570, A
103571, A
103572, A
103573, A
103574, A
103575, A
103576, A
103577, D
103578, A
103579, A
103580, A
103581, C
103582, A
103583, B
103584, D
103585, A
103586, A
103587, A
103588, B
103589, A
103590, A
103591, B
103592, A
103593, A
103594, A
103595, A
103596, A
103597, A
103598, A
103599, B
103600, C
103601, A
103602, C
103603, A
103604, A
103605, A
103606, D
103607, A
103608, A
103609, A
103610, B
103611, A
103612, A
103613, A
103614, A
103615, C
103616, A
103617, A
103618, A
103619, C
103620, D
103621, A
103622, D
103623, A
103624, A
103625, C
103626, A
103627, C
103628, A
103629, A
103630, A
103631, C
103632, A
103633, A
103634, C
103635, A
103636, D
103637, A
103638, A
103639, A
103640, A
103641, A
103642, D
103643, A
103644, A
103645, A
103646, A
103647, D
103648, A
103649, C
103650, A
103651, A
103652, A
103653, A
103654, B
103655, A
103656, A
103657, A
103658, A
103659, B
103660, A
103661, D
103662, A
103663, A
103664, A
103665, A
103666, C
103667, D
103668, A
103669, A
103670, C
103671, A
103672, A
103673, A
103674, A
103675, A
103676, A
103677, C
103678, A
103679, A
103680, A
103681, A
103682, A
103683, A
103684, A
103685, A
103686, A
103687, A
103688, A
103689, A
103690, A
103691, C
103692, A
103693, A
103694, A
103695, A
103696, A
103697, A
103698, A
103699, A
103700, A
103701, A
103702, C
103703, A
103704, B
103705, A
103706, A
103707, A
103708, A
103709, A
103710, A
103711, A
103712, A
103713, A
103714, C
103715, D
103716, C
103717, A
103718, A
103719, A
103720, A
103721, A
103722, A
103723, A
103724, C
103725, A
103726, A
103727, A
103728, A
103729, C
103730, A
103731, A
103732, A
103733, A
103734, A
103735, A
103736, A
103737, A
103738, A
103739, A
103740, A
103741, A
103742, C
103743, A
103744, A
103745, A
103746, A
103747, A
103748, A
103749, A
103750, A
103751, A
103752, A
103753, A
103754, A
103755, A
103756, A
103757, A
103758, C
103759, B
103760, A
103761, A
103762, A
103763, A
103764, A
103765, A
103766, B
103767, A
103768, A
103769, A
103770, D
103771, A
103772, A
103773, A
103774, A
103775, A
103776, B
103777, A
103778, A
103779, A
103780, A
103781, A
103782, A
103783, A
103784, A
103785, C
103786, D
103787, A
103788, A
103789, A
103790, A
103791, A
103792, A
103793, A
103794, A
103795, A
103796, A
103797, C
103798, A
103799, C
103800, A
103801, A
103802, D
103803, C
103804, A
103805, A
103806, A
103807, A
103808, A
103809, A
103810, A
103811, A
103812, D
103813, A
103814, A
103815, A
103816, A
103817, A
103818, A
103819, A
103820, D
103821, A
103822, C
103823, A
103824, A
103825, A
103826, A
103827, A
103828, A
103829, A
103830, A
103831, A
103832, B
103833, A
103834, A
103835, A
103836, D
103837, A
103838, A
103839, A
103840, B
103841, C
103842, A
103843, A
103844, A
103845, A
103846, A
103847, A
103848, A
103849, A
103850, A
103851, A
103852, A
103853, A
103854, A
103855, A
103856, C
103857, A
103858, A
103859, A
103860, A
103861, A
103862, A
103863, D
103864, A
103865, A
103866, A
103867, A
103868, A
103869, A
103870, A
103871, A
103872, A
103873, D
103874, A
103875, A
103876, A
103877, A
103878, A
103879, A
103880, A
103881, A
103882, A
103883, A
103884, A
103885, A
103886, B
103887, A
103888, B
103889, A
103890, A
103891, A
103892, A
103893, A
103894, A
103895, D
103896, C
103897, A
103898, A
103899, A
103900, A
103901, C
103902, A
103903, A
103904, A
103905, A
103906, A
103907, B
103908, C
103909, B
103910, C
103911, B
103912, C
103913, A
103914, A
103915, B
103916, A
103917, B
103918, B
103919, A
103920, B
103921, B
103922, A
103923, B
103924, D
103925, A
103926, A
103927, A
103928, A
103929, A
103930, C
103931, B
103932, B
103933, A
103934, A
103935, D
103936, D
103937, C
103938, D
103939, D
103940, B
103941, A
103942, A
103943, D
103944, A
103945, C
103946, A
103947, B
103948, B
103949, C
103950, A
103951, D
103952, C
103953, C
103954, A
103955, A
103956, C
103957, D
103958, C
103959, A
103960, D
103961, C
103962, D
103963, A
103964, B
103965, D
103966, B
103967, D
103968, B
103969, D
103970, D
103971, C
103972, B
103973, B
103974, D
103975, A
103976, D
103977, A
103978, A
103979, C
103980, C
103981, D
103982, B
103983, D
103984, C
103985, B
103986, D
103987, C
103988, C
103989, C
103990, A
103991, D
103992, A
103993, B
103994, A
103995, D
103996, A
103997, D
103998, B
103999, A
104000, D
104001, B
104002, A
104003, C
104004, C
104005, D
104006, C
104007, B
104008, A
104009, C
104010, C
104011, C
104012, B
104013, D
104014, D
104015, C
104016, C
104017, A
104018, A
104019, B
104020, B
104021, A
104022, A
104023, B
104024, A
104025, B
104026, D
104027, A
104028, D
104029, D
104030, B
104031, D
104032, B
104033, D
104034, D
104035, C
104036, B
104037, B
104038, B
104039, B
104040, C
104041, D
104042, B
104043, A
104044, A
104045, A
104046, D
104047, B
104048, B
104049, C
104050, D
104051, C
104052, B
104053, A
104054, D
104055, C
104056, D
104057, D
104058, A
104059, D
104060, A
104061, A
104062, D
104063, C
104064, A
104065, C
104066, C
104067, A
104068, D
104069, B
104070, D
104071, D
104072, A
104073, B
104074, B
104075, B
104076, A
104077, B
104078, D
104079, D
104080, D
104081, C
104082, D
104083, A
104084, A
104085, C
104086, C
104087, D
104088, C
104089, A
104090, C
104091, B
104092, B
104093, A
104094, A
104095, B
104096, D
104097, B
104098, A
104099, B
104100, B
104101, B
104102, C
104103, A
104104, D
104105, D
104106, C
104107, D
104108, A
104109, C
104110, A
104111, B
104112, B
104113, A
104114, B
104115, A
104116, A
104117, B
104118, A
104119, C
104120, D
104121, D
104122, D
104123, A
104124, B
104125, B
104126, D
104127, D
104128, B
104129, C
104130, A
104131, B
104132, B
104133, D
104134, D
104135, D
104136, C
104137, A
104138, D
104139, A
104140, A
104141, D
104142, C
104143, A
104144, C
104145, D
104146, A
104147, A
104148, D
104149, A
104150, D
104151, A
104152, A
104153, A
104154, C
104155, A
104156, B
104157, A
104158, B
104159, C
104160, C
104161, B
104162, D
104163, A
104164, A
104165, C
104166, A
104167, D
104168, A
104169, C
104170, C
104171, C
104172, D
104173, A
104174, A
104175, C
104176, A
104177, A
104178, A
104179, C
104180, C
104181, D
104182, D
104183, A
104184, A
104185, B
104186, D
104187, B
104188, D
104189, A
104190, A
104191, B
104192, D
104193, C
104194, C
104195, B
104196, D
104197, C
104198, C
104199, D
104200, D
104201, A
104202, B
104203, B
104204, A
104205, D
104206, B
104207, D
104208, A
104209, C
104210, A
104211, D
104212, B
104213, D
104214, A
104215, D
104216, A
104217, C
104218, A
104219, A
104220, C
104221, A
104222, C
104223, B
104224, A
104225, D
104226, C
104227, D
104228, A
104229, B
104230, B
104231, C
104232, B
104233, B
104234, C
104235, A
104236, A
104237, D
104238, A
104239, A
104240, D
104241, C
104242, C
104243, B
104244, A
104245, C
104246, C
104247, D
104248, A
104249, A
104250, C
104251, D
104252, D
104253, D
104254, B
104255, D
104256, C
104257, D
104258, C
104259, D
104260, B
104261, D
104262, B
104263, B
104264, A
104265, C
104266, C
104267, B
104268, B
104269, B
104270, D
104271, A
104272, C
104273, A
104274, B
104275, A
104276, D
104277, B
104278, C
104279, C
104280, A
104281, C
104282, C
104283, B
104284, C
104285, A
104286, C
104287, B
104288, A
104289, D
104290, B
104291, C
104292, A
104293, B
104294, C
104295, D
104296, D
104297, D
104298, C
104299, C
104300, D
104301, C
104302, A
104303, B
104304, B
104305, C
104306, B
104307, A
104308, C
104309, A
104310, A
104311, B
104312, C
104313, C
104314, B
104315, A
104316, C
104317, C
104318, B
104319, A
104320, A
104321, B
104322, B
104323, B
104324, D
104325, C
104326, B
104327, D
104328, B
104329, B
104330, A
104331, A
104332, B
104333, D
104334, A
104335, D
104336, D
104337, C
104338, B
104339, C
104340, A
104341, D
104342, B
104343, A
104344, A
104345, C
104346, B
104347, B
104348, B
104349, C
104350, C
104351, A
104352, C
104353, C
104354, C
104355, C
104356, C
104357, B
104358, D
104359, A
104360, C
104361, D
104362, A
104363, B
104364, C
104365, B
104366, C
104367, D
104368, C
104369, A
104370, C
104371, C
104372, B
104373, A
104374, C
104375, B
104376, A
104377, D
104378, A
104379, D
104380, B
104381, D
104382, A
104383, D
104384, D
104385, C
104386, D
104387, D
104388, D
104389, C
104390, B
104391, B
104392, D
104393, A
104394, B
104395, B
104396, D
104397, B
104398, B
104399, A
104400, D
104401, D
104402, D
104403, B
104404, A
104405, B
104406, D
104407, C
104408, B
104409, D
104410, A
104411, A
104412, A
104413, B
104414, C
104415, D
104416, D
104417, A
104418, B
104419, A
104420, A
104421, A
104422, A
104423, B
104424, B
104425, C
104426, C
104427, D
104428, B
104429, C
104430, B
104431, B
104432, B
104433, C
104434, D
104435, C
104436, A
104437, B
104438, A
104439, D
104440, C
104441, B
104442, A
104443, C
104444, D
104445, A
104446, B
104447, C
104448, D
104449, A
104450, A
104451, B
104452, C
104453, C
104454, A
104455, C
104456, D
104457, B
104458, C
104459, A
104460, B
104461, D
104462, B
104463, C
104464, D
104465, B
104466, A
104467, A
104468, B
104469, C
104470, A
104471, B
104472, C
104473, D
104474, B
104475, C
104476, C
104477, D
104478, C
104479, B
104480, D
104481, B
104482, D
104483, A
104484, B
104485, C
104486, A
104487, C
104488, A
104489, A
104490, D
104491, B
104492, D
104493, D
104494, C
104495, A
104496, A
104497, A
104498, D
104499, D
104500, A
104501, B
104502, B
104503, C
104504, A
104505, D
104506, D
104507, B
104508, D
104509, D
104510, C
104511, A
104512, D
104513, B
104514, D
104515, B
104516, B
104517, C
104518, C
104519, A
104520, D
104521, C
104522, D
104523, D
104524, B
104525, A
104526, A
104527, B
104528, B
104529, A
104530, A
104531, B
104532, A
104533, C
104534, B
104535, C
104536, B
104537, D
104538, C
104539, D
104540, C
104541, A
104542, D
104543, B
104544, D
104545, C
104546, B
104547, D
104548, C
104549, C
104550, B
104551, B
104552, C
104553, B
104554, C
104555, C
104556, A
104557, A
104558, D
104559, B
104560, B
104561, D
104562, C
104563, A
104564, C
104565, D
104566, A
104567, D
104568, A
104569, D
104570, B
104571, C
104572, D
104573, C
104574, D
104575, D
104576, C
104577, B
104578, C
104579, B
104580, A
104581, B
104582, B
104583, B
104584, B
104585, A
104586, B
104587, B
104588, B
104589, D
104590, B
104591, B
104592, C
104593, C
104594, A
104595, D
104596, C
104597, B
104598, D
104599, B
104600, C
104601, D
104602, D
104603, A
104604, D
104605, C
104606, C
104607, C
104608, D
104609, B
104610, A
104611, A
104612, B
104613, A
104614, C
104615, A
104616, D
104617, D
104618, C
104619, A
104620, B
104621, D
104622, D
104623, C
104624, A
104625, C
104626, D
104627, A
104628, B
104629, D
104630, B
104631, A
104632, A
104633, D
104634, C
104635, C
104636, A
104637, A
104638, C
104639, A
104640, D
104641, B
104642, A
104643, C
104644, B
104645, D
104646, B
104647, D
104648, D
104649, C
104650, D
104651, B
104652, C
104653, C
104654, D
104655, C
104656, C
104657, D
104658, B
104659, D
104660, C
104661, B
104662, C
104663, A
104664, D
104665, C
104666, D
104667, D
104668, D
104669, A
104670, C
104671, C
104672, D
104673, B
104674, C
104675, D
104676, B
104677, D
104678, A
104679, C
104680, A
104681, D
104682, D
104683, B
104684, A
104685, D
104686, A
104687, A
104688, B
104689, C
104690, A
104691, D
104692, B
104693, D
104694, A
104695, B
104696, D
104697, B
104698, A
104699, C
104700, A
104701, D
104702, A
104703, B
104704, A
104705, C
104706, A
104707, D
104708, C
104709, A
104710, C
104711, D
104712, D
104713, A
104714, D
104715, B
104716, A
104717, C
104718, B
104719, D
104720, A
104721, C
104722, A
104723, C
104724, C
104725, A
104726, B
104727, D
104728, A
104729, C
104730, C
104731, A
104732, B
104733, A
104734, D
104735, C
104736, D
104737, B
104738, C
104739, B
104740, B
104741, B
104742, B
104743, B
104744, B
104745, D
104746, D
104747, A
104748, B
104749, D
104750, D
104751, B
104752, A
104753, B
104754, D
104755, B
104756, A
104757, D
104758, D
104759, C
104760, B
104761, D
104762, B
104763, D
104764, C
104765, D
104766, A
104767, A
104768, D
104769, C
104770, B
104771, A
104772, D
104773, C
104774, A
104775, A
104776, A
104777, A
104778, D
104779, C
104780, A
104781, C
104782, C
104783, A
104784, D
104785, C
104786, A
104787, B
104788, A
104789, D
104790, A
104791, D
104792, A
104793, B
104794, C
104795, A
104796, A
104797, B
104798, A
104799, B
104800, A
104801, D
104802, A
104803, A
104804, B
104805, A
104806, D
104807, B
104808, A
104809, B
104810, B
104811, C
104812, D
104813, B
104814, B
104815, A
104816, A
104817, C
104818, A
104819, B
104820, C
104821, C
104822, B
104823, D
104824, A
104825, A
104826, C
104827, C
104828, A
104829, C
104830, B
104831, D
104832, D
104833, B
104834, D
104835, D
104836, D
104837, A
104838, D
104839, C
104840, B
104841, C
104842, C
104843, B
104844, B
104845, A
104846, D
104847, D
104848, A
104849, B
104850, D
104851, D
104852, D
104853, B
104854, D
104855, A
104856, A
104857, C
104858, B
104859, C
104860, A
104861, A
104862, B
104863, B
104864, B
104865, B
104866, B
104867, C
104868, B
104869, A
104870, B
104871, B
104872, A
104873, A
104874, C
104875, D
104876, A
104877, D
104878, B
104879, A
104880, C
104881, C
104882, D
104883, A
104884, C
104885, A
104886, A
104887, D
104888, D
104889, C
104890, C
104891, D
104892, B
104893, C
104894, C
104895, A
104896, C
104897, D
104898, C
104899, A
104900, A
104901, A
104902, A
104903, A
104904, B
104905, B
104906, D
104907, C
104908, D
104909, B
104910, A
104911, A
104912, C
104913, D
104914, C
104915, B
104916, D
104917, C
104918, C
104919, B
104920, A
104921, C
104922, A
104923, C
104924, C
104925, B
104926, B
104927, C
104928, B
104929, B
104930, D
104931, D
104932, B
104933, C
104934, C
104935, D
104936, D
104937, C
104938, C
104939, D
104940, B
104941, D
104942, B
104943, D
104944, D
104945, C
104946, C
104947, A
104948, C
104949, C
104950, A
104951, B
104952, A
104953, C
104954, C
104955, C
104956, D
104957, C
104958, C
104959, A
104960, D
104961, B
104962, B
104963, C
104964, D
104965, B
104966, A
104967, D
104968, A
104969, C
104970, C
104971, D
104972, B
104973, B
104974, B
104975, C
104976, D
104977, D
104978, B
104979, D
104980, B
104981, D
104982, D
104983, C
104984, A
104985, A
104986, B
104987, A
104988, A
104989, B
104990, B
104991, D
104992, C
104993, A
104994, B
104995, C
104996, A
104997, A
104998, C
104999, C
105000, C
105001, A
105002, C
105003, D
105004, C
105005, B
105006, A
105007, D
105008, A
105009, B
105010, D
105011, D
105012, B
105013, A
105014, C
105015, A
105016, D
105017, B
105018, D
105019, A
105020, D
105021, A
105022, B
105023, B
105024, B
105025, C
105026, B
105027, A
105028, A
105029, A
105030, A
105031, A
105032, B
105033, B
105034, C
105035, C
105036, A
105037, A
105038, D
105039, A
105040, D
105041, B
105042, D
105043, B
105044, A
105045, B
105046, C
105047, C
105048, B
105049, B
105050, B
105051, C
105052, D
105053, C
105054, A
105055, D
105056, B
105057, B
105058, D
105059, A
105060, A
105061, B
105062, B
105063, B
105064, D
105065, B
105066, A
105067, A
105068, A
105069, C
105070, A
105071, A
105072, C
105073, C
105074, A
105075, B
105076, D
105077, A
105078, A
105079, D
105080, A
105081, C
105082, A
105083, A
105084, A
105085, D
105086, B
105087, B
105088, C
105089, A
105090, C
105091, D
105092, D
105093, B
105094, D
105095, D
105096, A
105097, A
105098, B
105099, B
105100, B
105101, C
105102, B
105103, C
105104, C
105105, A
105106, C
105107, D
105108, C
105109, A
105110, A
105111, A
105112, D
105113, A
105114, D
105115, A
105116, B
105117, A
105118, C
105119, D
105120, B
105121, A
105122, D
105123, D
105124, B
105125, C
105126, B
105127, C
105128, C
105129, D
105130, C
105131, B
105132, A
105133, A
105134, A
105135, B
105136, C
105137, D
105138, B
105139, B
105140, C
105141, A
105142, B
105143, A
105144, C
105145, A
105146, B
105147, D
105148, D
105149, B
105150, A
105151, B
105152, C
105153, D
105154, A
105155, A
105156, B
105157, D
105158, B
105159, A
105160, D
105161, C
105162, D
105163, C
105164, C
105165, D
105166, C
105167, B
105168, D
105169, B
105170, C
105171, B
105172, A
105173, A
105174, D
105175, A
105176, B
105177, A
105178, C
105179, B
105180, B
105181, D
105182, B
105183, D
105184, B
105185, C
105186, C
105187, A
105188, A
105189, C
105190, A
105191, D
105192, D
105193, D
105194, A
105195, A
105196, C
105197, B
105198, D
105199, D
105200, B
105201, D
105202, A
105203, A
105204, B
105205, A
105206, C
105207, D
105208, C
105209, D
105210, C
105211, C
105212, B
105213, A
105214, C
105215, B
105216, B
105217, A
105218, A
105219, D
105220, D
105221, A
105222, C
105223, B
105224, D
105225, A
105226, C
105227, C
105228, A
105229, A
105230, B
105231, D
105232, A
105233, D
105234, B
105235, D
105236, C
105237, D
105238, C
105239, B
105240, A
105241, C
105242, D
105243, D
105244, D
105245, B
105246, B
105247, A
105248, D
105249, D
105250, D
105251, B
105252, D
105253, A
105254, C
105255, A
105256, D
105257, B
105258, A
105259, A
105260, C
105261, B
105262, B
105263, B
105264, A
105265, A
105266, A
105267, A
105268, A
105269, D
105270, B
105271, C
105272, B
105273, A
105274, B
105275, D
105276, A
105277, A
105278, B
105279, A
105280, B
105281, D
105282, B
105283, B
105284, D
105285, D
105286, A
105287, A
105288, A
105289, A
105290, D
105291, D
105292, C
105293, B
105294, D
105295, A
105296, A
105297, C
105298, A
105299, D
105300, A
105301, D
105302, D
105303, B
105304, D
105305, C
105306, D
105307, C
105308, A
105309, D
105310, D
105311, A
105312, B
105313, B
105314, A
105315, B
105316, A
105317, D
105318, B
105319, D
105320, A
105321, C
105322, D
105323, C
105324, A
105325, C
105326, D
105327, A
105328, A
105329, C
105330, D
105331, A
105332, D
105333, D
105334, B
105335, B
105336, B
105337, B
105338, B
105339, C
105340, A
105341, B
105342, C
105343, D
105344, C
105345, A
105346, D
105347, A
105348, A
105349, C
105350, B
105351, B
105352, D
105353, C
105354, B
105355, D
105356, C
105357, D
105358, A
105359, C
105360, D
105361, A
105362, A
105363, A
105364, A
105365, D
105366, D
105367, B
105368, C
105369, A
105370, B
105371, C
105372, B
105373, A
105374, C
105375, A
105376, C
105377, B
105378, D
105379, C
105380, B
105381, D
105382, C
105383, A
105384, D
105385, A
105386, B
105387, D
105388, B
105389, B
105390, A
105391, B
105392, D
105393, C
105394, D
105395, A
105396, B
105397, C
105398, C
105399, C
105400, C
105401, C
105402, A
105403, D
105404, A
105405, A
105406, A
105407, B
105408, A
105409, D
105410, B
105411, A
105412, A
105413, C
105414, A
105415, D
105416, C
105417, D
105418, B
105419, A
105420, C
105421, A
105422, D
105423, A
105424, A
105425, A
105426, C
105427, B
105428, C
105429, B
105430, D
105431, D
105432, B
105433, C
105434, C
105435, D
105436, D
105437, D
105438, B
105439, B
105440, B
105441, B
105442, D
105443, B
105444, A
105445, D
105446, A
105447, A
105448, B
105449, A
105450, A
105451, C
105452, A
105453, A
105454, B
105455, B
105456, B
105457, B
105458, C
105459, B
105460, A
105461, D
105462, B
105463, A
105464, A
105465, A
105466, D
105467, C
105468, A
105469, C
105470, D
105471, B
105472, B
105473, D
105474, D
105475, D
105476, B
105477, C
105478, D
105479, A
105480, D
105481, D
105482, C
105483, D
105484, B
105485, B
105486, A
105487, C
105488, B
105489, C
105490, A
105491, D
105492, C
105493, D
105494, B
105495, C
105496, B
105497, B
105498, C
105499, B
105500, A
105501, C
105502, A
105503, D
105504, C
105505, D
105506, A
105507, A
105508, B
105509, B
105510, A
105511, B
105512, C
105513, A
105514, A
105515, B
105516, A
105517, C
105518, B
105519, B
105520, D
105521, A
105522, C
105523, A
105524, B
105525, D
105526, B
105527, D
105528, A
105529, A
105530, D
105531, B
105532, A
105533, B
105534, C
105535, D
105536, D
105537, C
105538, C
105539, D
105540, A
105541, D
105542, A
105543, D
105544, C
105545, B
105546, B
105547, B
105548, D
105549, B
105550, A
105551, C
105552, C
105553, D
105554, B
105555, D
105556, B
105557, A
105558, B
105559, B
105560, C
105561, C
105562, B
105563, D
105564, C
105565, D
105566, B
105567, D
105568, A
105569, B
105570, C
105571, D
105572, D
105573, D
105574, A
105575, C
105576, A
105577, B
105578, A
105579, C
105580, D
105581, A
105582, C
105583, A
105584, C
105585, B
105586, D
105587, D
105588, A
105589, A
105590, C
105591, D
105592, B
105593, C
105594, A
105595, C
105596, C
105597, C
105598, D
105599, B
105600, A
105601, C
105602, A
105603, C
105604, B
105605, B
105606, A
105607, A
105608, C
105609, A
105610, D
105611, A
105612, A
105613, B
105614, A
105615, C
105616, D
105617, C
105618, A
105619, C
105620, C
105621, D
105622, B
105623, C
105624, D
105625, A
105626, D
105627, D
105628, D
105629, D
105630, C
105631, B
105632, D
105633, D
105634, B
105635, D
105636, B
105637, A
105638, C
105639, A
105640, C
105641, A
105642, A
105643, D
105644, B
105645, A
105646, A
105647, B
105648, D
105649, A
105650, D
105651, A
105652, A
105653, C
105654, A
105655, B
105656, A
105657, C
105658, A
105659, A
105660, C
105661, A
105662, A
105663, A
105664, D
105665, B
105666, A
105667, A
105668, C
105669, D
105670, D
105671, D
105672, D
105673, A
105674, B
105675, A
105676, C
105677, C
105678, A
105679, C
105680, D
105681, C
105682, B
105683, A
105684, B
105685, A
105686, D
105687, D
105688, C
105689, A
105690, D
105691, A
105692, B
105693, A
105694, C
105695, B
105696, B
105697, D
105698, D
105699, B
105700, B
105701, D
105702, C
105703, A
105704, A
105705, B
105706, C
105707, B
105708, D
105709, A
105710, A
105711, A
105712, D
105713, A
105714, D
105715, D
105716, C
105717, D
105718, D
105719, D
105720, D
105721, B
105722, A
105723, C
105724, B
105725, B
105726, D
105727, D
105728, D
105729, C
105730, A
105731, B
105732, C
105733, B
105734, A
105735, D
105736, C
105737, D
105738, B
105739, C
105740, A
105741, A
105742, D
105743, A
105744, D
105745, A
105746, A
105747, A
105748, C
105749, A
105750, C
105751, C
105752, B
105753, B
105754, C
105755, D
105756, D
105757, D
105758, A
105759, D
105760, B
105761, C
105762, D
105763, A
105764, C
105765, A
105766, D
105767, C
105768, C
105769, A
105770, A
105771, C
105772, C
105773, D
105774, A
105775, D
105776, A
105777, A
105778, D
105779, A
105780, C
105781, B
105782, C
105783, D
105784, B
105785, A
105786, A
105787, D
105788, D
105789, A
105790, A
105791, B
105792, A
105793, C
105794, A
105795, B
105796, B
105797, D
105798, B
105799, C
105800, B
105801, A
105802, B
105803, C
105804, A
105805, B
105806, B
105807, B
105808, B
105809, A
105810, A
105811, D
105812, A
105813, C
105814, C
105815, B
105816, D
105817, D
105818, C
105819, A
105820, A
105821, B
105822, A
105823, A
105824, B
105825, C
105826, D
105827, B
105828, D
105829, C
105830, C
105831, C
105832, C
105833, C
105834, D
105835, A
105836, B
105837, C
105838, A
105839, A
105840, D
105841, B
105842, A
105843, A
105844, A
105845, B
105846, C
105847, A
105848, B
105849, B
105850, A
105851, C
105852, B
105853, A
105854, D
105855, D
105856, D
105857, A
105858, B
105859, C
105860, C
105861, C
105862, B
105863, D
105864, D
105865, B
105866, C
105867, D
105868, A
105869, C
105870, B
105871, B
105872, C
105873, B
105874, D
105875, C
105876, A
105877, D
105878, C
105879, B
105880, C
105881, C
105882, B
105883, C
105884, B
105885, D
105886, C
105887, D
105888, C
105889, B
105890, D
105891, A
105892, A
105893, C
105894, D
105895, C
105896, A
105897, A
105898, A
105899, D
105900, D
105901, D
105902, B
105903, A
105904, A
105905, D
105906, D
105907, A
105908, A
105909, A
105910, A
105911, D
105912, C
105913, C
105914, B
105915, A
105916, A
105917, B
105918, A
105919, B
105920, A
105921, D
105922, A
105923, D
105924, B
105925, A
105926, C
105927, A
105928, C
105929, D
105930, A
105931, D
105932, D
105933, B
105934, C
105935, D
105936, C
105937, C
105938, B
105939, B
105940, B
105941, D
105942, A
105943, D
105944, C
105945, D
105946, B
105947, B
105948, C
105949, A
105950, D
105951, C
105952, A
105953, A
105954, B
105955, C
105956, C
105957, A
105958, A
105959, B
105960, B
105961, B
105962, A
105963, B
105964, B
105965, D
105966, B
105967, C
105968, A
105969, C
105970, C
105971, C
105972, C
105973, A
105974, B
105975, A
105976, A
105977, A
105978, B
105979, B
105980, D
105981, A
105982, B
105983, A
105984, A
105985, A
105986, A
105987, A
105988, C
105989, D
105990, A
105991, D
105992, C
105993, A
105994, D
105995, B
105996, C
105997, A
105998, B
105999, D
106000, D
106001, A
106002, A
106003, C
106004, C
106005, A
106006, B
106007, A
106008, B
106009, C
106010, B
106011, A
106012, C
106013, A
106014, D
106015, A
106016, A
106017, A
106018, B
106019, C
106020, B
106021, D
106022, A
106023, B
106024, C
106025, D
106026, C
106027, D
106028, A
106029, B
106030, D
106031, B
106032, C
106033, C
106034, B
106035, D
106036, D
106037, B
106038, C
106039, A
106040, C
106041, A
106042, D
106043, C
106044, D
106045, C
106046, D
106047, A
106048, A
106049, B
106050, D
106051, C
106052, A
106053, A
106054, B
106055, D
106056, C
106057, D
106058, A
106059, D
106060, B
106061, B
106062, C
106063, A
106064, A
106065, A
106066, B
106067, B
106068, B
106069, C
106070, C
106071, B
106072, A
106073, A
106074, D
106075, B
106076, A
106077, D
106078, D
106079, A
106080, A
106081, A
106082, A
106083, C
106084, A
106085, D
106086, D
106087, D
106088, A
106089, B
106090, D
106091, A
106092, C
106093, D
106094, D
106095, D
106096, D
106097, D
106098, B
106099, A
106100, B
106101, C
106102, A
106103, B
106104, A
106105, B
106106, C
106107, A
106108, B
106109, A
106110, C
106111, A
106112, A
106113, A
106114, C
106115, B
106116, A
106117, B
106118, B
106119, C
106120, A
106121, A
106122, A
106123, D
106124, D
106125, A
106126, A
106127, B
106128, C
106129, D
106130, D
106131, B
106132, C
106133, A
106134, C
106135, A
106136, D
106137, B
106138, D
106139, A
106140, D
106141, B
106142, B
106143, A
106144, D
106145, A
106146, B
106147, B
106148, B
106149, C
106150, C
106151, B
106152, C
106153, A
106154, A
106155, A
106156, B
106157, A
106158, D
106159, B
106160, A
106161, D
106162, D
106163, A
106164, C
106165, A
106166, B
106167, B
106168, B
106169, D
106170, C
106171, B
106172, A
106173, A
106174, D
106175, D
106176, A
106177, B
106178, C
106179, B
106180, D
106181, B
106182, A
106183, D
106184, B
106185, D
106186, D
106187, A
106188, A
106189, B
106190, D
106191, C
106192, D
106193, C
106194, A
106195, A
106196, C
106197, B
106198, B
106199, C
106200, C
106201, B
106202, A
106203, C
106204, B
106205, C
106206, A
106207, B
106208, B
106209, A
106210, C
106211, C
106212, B
106213, B
106214, C
106215, C
106216, D
106217, C
106218, C
106219, B
106220, B
106221, A
106222, D
106223, C
106224, C
106225, B
106226, C
106227, B
106228, D
106229, B
106230, B
106231, A
106232, A
106233, A
106234, D
106235, A
106236, D
106237, C
106238, A
106239, B
106240, D
106241, D
106242, A
106243, D
106244, A
106245, B
106246, C
106247, B
106248, D
106249, B
106250, D
106251, A
106252, A
106253, D
106254, A
106255, B
106256, C
106257, A
106258, C
106259, D
106260, D
106261, C
106262, C
106263, D
106264, C
106265, A
106266, A
106267, B
106268, C
106269, A
106270, D
106271, C
106272, A
106273, A
106274, B
106275, C
106276, D
106277, B
106278, A
106279, D
106280, A
106281, C
106282, D
106283, A
106284, A
106285, B
106286, B
106287, A
106288, B
106289, D
106290, C
106291, B
106292, A
106293, A
106294, B
106295, C
106296, C
106297, D
106298, C
106299, D
106300, D
106301, C
106302, D
106303, D
106304, C
106305, D
106306, D
106307, A
106308, A
106309, D
106310, A
106311, C
106312, C
106313, A
106314, B
106315, A
106316, A
106317, D
106318, D
106319, B
106320, B
106321, D
106322, A
106323, D
106324, B
106325, C
106326, B
106327, D
106328, A
106329, A
106330, D
106331, C
106332, B
106333, B
106334, C
106335, B
106336, A
106337, C
106338, A
106339, D
106340, A
106341, B
106342, D
106343, C
106344, B
106345, B
106346, D
106347, A
106348, A
106349, B
106350, D
106351, C
106352, A
106353, C
106354, B
106355, D
106356, A
106357, B
106358, B
106359, A
106360, D
106361, D
106362, A
106363, D
106364, A
106365, D
106366, A
106367, A
106368, B
106369, D
106370, A
106371, C
106372, A
106373, B
106374, C
106375, B
106376, D
106377, C
106378, A
106379, C
106380, D
106381, C
106382, B
106383, B
106384, B
106385, D
106386, B
106387, C
106388, B
106389, A
106390, D
106391, D
106392, A
106393, D
106394, D
106395, A
106396, B
106397, A
106398, C
106399, A
106400, D
106401, D
106402, B
106403, D
106404, B
106405, A
106406, A
106407, A
106408, B
106409, D
106410, B
106411, D
106412, B
106413, A
106414, B
106415, A
106416, A
106417, C
106418, A
106419, D
106420, A
106421, A
106422, B
106423, C
106424, D
106425, D
106426, A
106427, D
106428, B
106429, A
106430, B
106431, A
106432, A
106433, D
106434, D
106435, A
106436, C
106437, A
106438, A
106439, A
106440, B
106441, A
106442, B
106443, A
106444, A
106445, A
106446, C
106447, B
106448, D
106449, A
106450, B
106451, C
106452, C
106453, A
106454, D
106455, A
106456, D
106457, D
106458, A
106459, B
106460, A
106461, C
106462, C
106463, B
106464, A
106465, A
106466, A
106467, A
106468, D
106469, C
106470, C
106471, A
106472, B
106473, A
106474, A
106475, C
106476, C
106477, B
106478, D
106479, A
106480, B
106481, D
106482, B
106483, B
106484, B
106485, B
106486, B
106487, B
106488, A
106489, A
106490, C
106491, A
106492, B
106493, B
106494, D
106495, D
106496, D
106497, A
106498, B
106499, A
106500, D
106501, B
106502, A
106503, A
106504, B
106505, A
106506, C
106507, C
106508, D
106509, A
106510, C
106511, C
106512, B
106513, A
106514, B
106515, D
106516, D
106517, D
106518, B
106519, C
106520, D
106521, D
106522, D
106523, A
106524, C
106525, A
106526, B
106527, A
106528, D
106529, D
106530, C
106531, D
106532, A
106533, B
106534, A
106535, B
106536, A
106537, C
106538, C
106539, B
106540, B
106541, D
106542, C
106543, A
106544, C
106545, C
106546, C
106547, B
106548, C
106549, A
106550, C
106551, C
106552, C
106553, B
106554, D
106555, C
106556, A
106557, C
106558, A
106559, D
106560, C
106561, A
106562, D
106563, A
106564, A
106565, C
106566, B
106567, B
106568, D
106569, D
106570, B
106571, C
106572, C
106573, C
106574, C
106575, A
106576, D
106577, C
106578, D
106579, A
106580, C
106581, A
106582, D
106583, D
106584, D
106585, A
106586, B
106587, D
106588, B
106589, D
106590, B
106591, D
106592, B
106593, A
106594, A
106595, C
106596, C
106597, C
106598, C
106599, A
106600, B
106601, D
106602, B
106603, B
106604, B
106605, A
106606, C
106607, B
106608, A
106609, C
106610, B
106611, B
106612, C
106613, B
106614, C
106615, C
106616, B
106617, C
106618, A
106619, A
106620, B
106621, C
106622, A
106623, C
106624, C
106625, D
106626, D
106627, C
106628, C
106629, A
106630, C
106631, C
106632, C
106633, D
106634, C
106635, B
106636, A
106637, C
106638, D
106639, B
106640, D
106641, B
106642, A
106643, B
106644, A
106645, C
106646, B
106647, B
106648, B
106649, B
106650, A
106651, A
106652, D
106653, D
106654, B
106655, C
106656, C
106657, C
106658, B
106659, C
106660, C
106661, A
106662, C
106663, B
106664, C
106665, D
106666, C
106667, A
106668, A
106669, D
106670, C
106671, D
106672, D
106673, B
106674, B
106675, A
106676, A
106677, C
106678, B
106679, B
106680, D
106681, A
106682, A
106683, D
106684, B
106685, D
106686, A
106687, B
106688, D
106689, A
106690, B
106691, C
106692, A
106693, B
106694, A
106695, D
106696, A
106697, B
106698, C
106699, A
106700, C
106701, A
106702, C
106703, D
106704, C
106705, C
106706, C
106707, B
106708, D
106709, A
106710, A
106711, D
106712, B
106713, D
106714, A
106715, B
106716, D
106717, D
106718, D
106719, A
106720, D
106721, A
106722, B
106723, D
106724, A
106725, C
106726, A
106727, D
106728, C
106729, C
106730, D
106731, B
106732, B
106733, D
106734, C
106735, D
106736, A
106737, A
106738, B
106739, C
106740, C
106741, B
106742, D
106743, C
106744, C
106745, C
106746, B
106747, C
106748, D
106749, C
106750, B
106751, A
106752, A
106753, A
106754, D
106755, B
106756, D
106757, D
106758, B
106759, C
106760, C
106761, B
106762, B
106763, B
106764, C
106765, A
106766, D
106767, D
106768, A
106769, B
106770, A
106771, B
106772, A
106773, A
106774, A
106775, C
106776, D
106777, A
106778, D
106779, D
106780, A
106781, C
106782, D
106783, B
106784, C
106785, A
106786, B
106787, C
106788, C
106789, D
106790, C
106791, A
106792, D
106793, B
106794, B
106795, C
106796, D
106797, A
106798, D
106799, D
106800, D
106801, B
106802, C
106803, A
106804, B
106805, B
106806, B
106807, A
106808, A
106809, B
106810, C
106811, B
106812, D
106813, D
106814, A
106815, B
106816, A
106817, A
106818, A
106819, D
106820, A
106821, A
106822, D
106823, D
106824, D
106825, A
106826, B
106827, B
106828, A
106829, A
106830, D
106831, A
106832, A
106833, C
106834, D
106835, A
106836, B
106837, B
106838, C
106839, C
106840, D
106841, A
106842, B
106843, A
106844, A
106845, D
106846, B
106847, B
106848, A
106849, B
106850, A
106851, B
106852, C
106853, A
106854, D
106855, A
106856, C
106857, A
106858, B
106859, B
106860, B
106861, C
106862, D
106863, C
106864, C
106865, D
106866, A
106867, D
106868, D
106869, C
106870, B
106871, B
106872, D
106873, B
106874, B
106875, A
106876, C
106877, C
106878, D
106879, C
106880, B
106881, D
106882, D
106883, B
106884, D
106885, C
106886, D
106887, D
106888, A
106889, B
106890, B
106891, B
106892, D
106893, D
106894, B
106895, A
106896, B
106897, C
106898, A
106899, D
106900, D
106901, D
106902, D
106903, C
106904, D
106905, C
106906, B
106907, D
106908, A
106909, D
106910, D
106911, A
106912, A
106913, A
106914, B
106915, A
106916, D
106917, B
106918, B
106919, A
106920, C
106921, B
106922, D
106923, D
106924, B
106925, A
106926, D
106927, B
106928, A
106929, A
106930, D
106931, A
106932, D
106933, A
106934, A
106935, D
106936, C
106937, B
106938, B
106939, C
106940, A
106941, A
106942, D
106943, D
106944, C
106945, B
106946, D
106947, D
106948, C
106949, A
106950, C
106951, C
106952, C
106953, D
106954, D
106955, B
106956, B
106957, B
106958, C
106959, C
106960, A
106961, D
106962, B
106963, C
106964, B
106965, A
106966, D
106967, C
106968, A
106969, C
106970, A
106971, B
106972, C
106973, C
106974, D
106975, C
106976, C
106977, D
106978, A
106979, D
106980, A
106981, B
106982, D
106983, B
106984, A
106985, C
106986, C
106987, D
106988, A
106989, B
106990, A
106991, D
106992, A
106993, D
106994, D
106995, A
106996, D
106997, B
106998, A
106999, B
107000, D
107001, A
107002, C
107003, C
107004, A
107005, A
107006, A
107007, C
107008, D
107009, B
107010, D
107011, A
107012, A
107013, D
107014, D
107015, C
107016, A
107017, D
107018, D
107019, B
107020, B
107021, C
107022, D
107023, D
107024, B
107025, C
107026, C
107027, B
107028, C
107029, D
107030, A
107031, C
107032, D
107033, B
107034, D
107035, D
107036, D
107037, A
107038, B
107039, A
107040, D
107041, A
107042, A
107043, A
107044, D
107045, B
107046, A
107047, B
107048, D
107049, B
107050, C
107051, B
107052, C
107053, B
107054, A
107055, B
107056, C
107057, B
107058, C
107059, D
107060, A
107061, D
107062, C
107063, B
107064, D
107065, B
107066, A
107067, C
107068, A
107069, C
107070, B
107071, B
107072, D
107073, A
107074, A
107075, B
107076, B
107077, A
107078, D
107079, B
107080, A
107081, A
107082, C
107083, B
107084, B
107085, B
107086, B
107087, B
107088, C
107089, C
107090, C
107091, A
107092, C
107093, A
107094, C
107095, D
107096, C
107097, C
107098, A
107099, A
107100, B
107101, A
107102, D
107103, A
107104, A
107105, A
107106, B
107107, D
107108, B
107109, A
107110, B
107111, B
107112, A
107113, B
107114, C
107115, C
107116, A
107117, B
107118, D
107119, D
107120, C
107121, C
107122, C
107123, C
107124, B
107125, D
107126, A
107127, D
107128, B
107129, A
107130, A
107131, C
107132, D
107133, D
107134, C
107135, D
107136, A
107137, B
107138, B
107139, C
107140, A
107141, B
107142, A
107143, B
107144, A
107145, A
107146, C
107147, C
107148, B
107149, A
107150, D
107151, B
107152, D
107153, D
107154, A
107155, C
107156, C
107157, D
107158, A
107159, A
107160, A
107161, B
107162, B
107163, D
107164, D
107165, A
107166, B
107167, C
107168, B
107169, A
107170, D
107171, D
107172, A
107173, D
107174, D
107175, D
107176, C
107177, A
107178, D
107179, C
107180, A
107181, C
107182, B
107183, A
107184, D
107185, A
107186, D
107187, A
107188, B
107189, A
107190, D
107191, C
107192, A
107193, B
107194, D
107195, A
107196, B
107197, D
107198, A
107199, B
107200, D
107201, D
107202, D
107203, B
107204, D
107205, A
107206, A
107207, A
107208, B
107209, B
107210, D
107211, A
107212, B
107213, D
107214, B
107215, C
107216, A
107217, C
107218, B
107219, B
107220, A
107221, C
107222, A
107223, D
107224, B
107225, B
107226, B
107227, C
107228, B
107229, A
107230, A
107231, B
107232, A
107233, A
107234, C
107235, B
107236, B
107237, C
107238, B
107239, B
107240, C
107241, C
107242, B
107243, D
107244, A
107245, A
107246, D
107247, B
107248, C
107249, B
107250, B
107251, A
107252, A
107253, D
107254, B
107255, C
107256, C
107257, A
107258, D
107259, D
107260, A
107261, B
107262, D
107263, D
107264, B
107265, D
107266, D
107267, D
107268, B
107269, A
107270, B
107271, D
107272, B
107273, D
107274, A
107275, C
107276, C
107277, D
107278, C
107279, D
107280, D
107281, B
107282, A
107283, A
107284, A
107285, C
107286, A
107287, B
107288, D
107289, A
107290, B
107291, C
107292, C
107293, C
107294, A
107295, C
107296, A
107297, C
107298, A
107299, A
107300, A
107301, C
107302, B
107303, C
107304, C
107305, C
107306, A
107307, A
107308, C
107309, B
107310, D
107311, A
107312, D
107313, D
107314, A
107315, B
107316, A
107317, B
107318, B
107319, D
107320, B
107321, D
107322, C
107323, B
107324, A
107325, A
107326, C
107327, C
107328, A
107329, B
107330, A
107331, C
107332, D
107333, C
107334, A
107335, B
107336, A
107337, B
107338, D
107339, B
107340, A
107341, A
107342, C
107343, C
107344, A
107345, C
107346, B
107347, D
107348, C
107349, D
107350, C
107351, A
107352, A
107353, A
107354, B
107355, C
107356, A
107357, D
107358, D
107359, D
107360, C
107361, B
107362, B
107363, A
107364, C
107365, D
107366, A
107367, A
107368, A
107369, B
107370, B
107371, B
107372, A
107373, A
107374, C
107375, A
107376, A
107377, B
107378, A
107379, B
107380, B
107381, A
107382, A
107383, A
107384, A
107385, B
107386, B
107387, D
107388, A
107389, D
107390, C
107391, A
107392, B
107393, C
107394, A
107395, C
107396, D
107397, D
107398, A
107399, B
107400, D
107401, D
107402, C
107403, C
107404, D
107405, D
107406, D
107407, A
107408, D
107409, A
107410, A
107411, B
107412, A
107413, C
107414, A
107415, C
107416, A
107417, C
107418, A
107419, A
107420, B
107421, D
107422, D
107423, B
107424, C
107425, C
107426, A
107427, A
107428, B
107429, D
107430, C
107431, A
107432, B
107433, B
107434, C
107435, B
107436, B
107437, B
107438, A
107439, D
107440, A
107441, B
107442, B
107443, D
107444, A
107445, A
107446, C
107447, A
107448, A
107449, D
107450, C
107451, D
107452, B
107453, C
107454, A
107455, B
107456, B
107457, A
107458, B
107459, B
107460, A
107461, D
107462, D
107463, B
107464, C
107465, D
107466, B
107467, D
107468, B
107469, C
107470, A
107471, B
107472, A
107473, B
107474, B
107475, B
107476, C
107477, D
107478, A
107479, A
107480, A
107481, B
107482, B
107483, A
107484, D
107485, C
107486, D
107487, A
107488, A
107489, A
107490, C
107491, C
107492, D
107493, B
107494, B
107495, D
107496, A
107497, D
107498, D
107499, C
107500, C
107501, A
107502, C
107503, B
107504, D
107505, A
107506, C
107507, B
107508, B
107509, A
107510, B
107511, D
107512, A
107513, A
107514, A
107515, D
107516, A
107517, C
107518, C
107519, C
107520, A
107521, C
107522, C
107523, B
107524, B
107525, A
107526, B
107527, D
107528, B
107529, A
107530, B
107531, C
107532, A
107533, B
107534, D
107535, C
107536, A
107537, B
107538, A
107539, A
107540, C
107541, D
107542, A
107543, C
107544, B
107545, B
107546, A
107547, D
107548, D
107549, A
107550, A
107551, C
107552, A
107553, A
107554, C
107555, B
107556, A
107557, B
107558, D
107559, B
107560, C
107561, A
107562, B
107563, A
107564, D
107565, B
107566, D
107567, C
107568, D
107569, A
107570, B
107571, C
107572, B
107573, A
107574, D
107575, B
107576, C
107577, B
107578, A
107579, A
107580, C
107581, B
107582, C
107583, C
107584, B
107585, A
107586, D
107587, B
107588, C
107589, B
107590, C
107591, A
107592, B
107593, D
107594, A
107595, D
107596, B
107597, D
107598, B
107599, D
107600, A
107601, C
107602, A
107603, A
107604, D
107605, B
107606, A
107607, B
107608, B
107609, D
107610, B
107611, D
107612, D
107613, D
107614, D
107615, C
107616, B
107617, D
107618, A
107619, C
107620, A
107621, D
107622, B
107623, A
107624, A
107625, D
107626, A
107627, A
107628, D
107629, B
107630, D
107631, A
107632, A
107633, D
107634, B
107635, C
107636, C
107637, A
107638, B
107639, B
107640, A
107641, D
107642, D
107643, A
107644, C
107645, D
107646, A
107647, A
107648, A
107649, A
107650, B
107651, C
107652, C
107653, D
107654, D
107655, C
107656, C
107657, A
107658, C
107659, A
107660, A
107661, C
107662, B
107663, B
107664, D
107665, A
107666, A
107667, D
107668, A
107669, B
107670, A
107671, B
107672, C
107673, D
107674, A
107675, B
107676, C
107677, C
107678, C
107679, C
107680, A
107681, A
107682, D
107683, B
107684, A
107685, D
107686, D
107687, B
107688, A
107689, D
107690, D
107691, A
107692, A
107693, D
107694, B
107695, D
107696, C
107697, B
107698, C
107699, B
107700, A
107701, C
107702, D
107703, D
107704, B
107705, B
107706, D
107707, C
107708, A
107709, C
107710, B
107711, B
107712, A
107713, A
107714, B
107715, B
107716, C
107717, A
107718, C
107719, C
107720, D
107721, D
107722, A
107723, A
107724, B
107725, C
107726, D
107727, A
107728, C
107729, D
107730, A
107731, B
107732, D
107733, B
107734, C
107735, A
107736, D
107737, C
107738, C
107739, B
107740, C
107741, C
107742, A
107743, A
107744, C
107745, A
107746, B
107747, B
107748, D
107749, B
107750, D
107751, A
107752, C
107753, D
107754, D
107755, A
107756, B
107757, B
107758, C
107759, B
107760, A
107761, D
107762, A
107763, C
107764, D
107765, D
107766, C
107767, A
107768, C
107769, C
107770, B
107771, A
107772, D
107773, B
107774, D
107775, B
107776, D
107777, D
107778, D
107779, C
107780, D
107781, C
107782, D
107783, C
107784, B
107785, D
107786, A
107787, A
107788, C
107789, A
107790, D
107791, D
107792, D
107793, C
107794, A
107795, A
107796, A
107797, B
107798, A
107799, D
107800, C
107801, A
107802, B
107803, A
107804, B
107805, A
107806, B
107807, A
107808, C
107809, C
107810, B
107811, C
107812, A
107813, B
107814, D
107815, C
107816, C
107817, D
107818, B
107819, B
107820, D
107821, B
107822, A
107823, D
107824, D
107825, B
107826, D
107827, B
107828, C
107829, C
107830, D
107831, C
107832, A
107833, C
107834, C
107835, C
107836, B
107837, D
107838, A
107839, B
107840, D
107841, D
107842, A
107843, C
107844, D
107845, C
107846, D
107847, B
107848, A
107849, B
107850, D
107851, D
107852, D
107853, C
107854, B
107855, A
107856, B
107857, B
107858, A
107859, D
107860, A
107861, D
107862, B
107863, A
107864, C
107865, B
107866, B
107867, C
107868, D
107869, D
107870, B
107871, A
107872, D
107873, C
107874, B
107875, A
107876, C
107877, A
107878, B
107879, A
107880, C
107881, A
107882, A
107883, D
107884, B
107885, B
107886, C
107887, B
107888, D
107889, A
107890, A
107891, A
107892, C
107893, C
107894, B
107895, A
107896, D
107897, D
107898, A
107899, D
107900, A
107901, D
107902, C
107903, C
107904, B
107905, D
107906, A
107907, A
107908, D
107909, C
107910, A
107911, A
107912, C
107913, A
107914, D
107915, A
107916, B
107917, B
107918, D
107919, A
107920, D
107921, D
107922, B
107923, A
107924, C
107925, B
107926, C
107927, D
107928, A
107929, C
107930, D
107931, B
107932, B
107933, D
107934, B
107935, D
107936, C
107937, A
107938, C
107939, B
107940, C
107941, C
107942, B
107943, B
107944, B
107945, C
107946, D
107947, B
107948, D
107949, D
107950, C
107951, D
107952, B
107953, B
107954, D
107955, D
107956, B
107957, D
107958, D
107959, C
107960, A
107961, B
107962, D
107963, A
107964, A
107965, D
107966, B
107967, A
107968, B
107969, D
107970, B
107971, D
107972, C
107973, A
107974, D
107975, D
107976, B
107977, C
107978, C
107979, C
107980, D
107981, D
107982, C
107983, D
107984, D
107985, B
107986, A
107987, B
107988, C
107989, C
107990, C
107991, D
107992, B
107993, A
107994, C
107995, C
107996, C
107997, C
107998, B
107999, C

