id,correctAnswer
102501,C
102502,D
102503,B
102504,D
102505,D
102506,A
102507,D
102508,B
102509,A
102510,C
102511,A
102512,A
102513,A
102514,C
102515,C
102516,D
102517,A
102518,B
102519,D
102520,B
102521,B
102522,C
102523,A
102524,A
102525,C
102526,A
102527,A
102528,D
102529,B
102530,D
102531,B
102532,C
102533,C
102534,D
102535,A
102536,D
102537,C
102538,A
102539,D
102540,C
102541,B
102542,C
102543,D
102544,B
102545,C
102546,B
102547,B
102548,A
102549,D
102550,A
102551,A
102552,B
102553,A
102554,D
102555,D
102556,C
102557,A
102558,A
102559,B
102560,D
102561,D
102562,A
102563,C
102564,A
102565,C
102566,D
102567,B
102568,D
102569,C
102570,C
102571,B
102572,C
102573,C
102574,B
102575,D
102576,D
102577,D
102578,A
102579,A
102580,B
102581,D
102582,D
102583,B
102584,A
102585,A
102586,B
102587,B
102588,B
102589,B
102590,A
102591,B
102592,D
102593,D
102594,A
102595,B
102596,D
102597,C
102598,B
102599,B
102600,D
102601,A
102602,B
102603,B
102604,C
102605,D
102606,A
102607,B
102608,D
102609,D
102610,C
102611,A
102612,C
102613,C
102614,C
102615,D
102616,A
102617,A
102618,D
102619,B
102620,A
102621,C
102622,B
102623,B
102624,B
102625,B
102626,C
102627,D
102628,C
102629,B
102630,A
102631,A
102632,B
102633,A
102634,B
102635,B
102636,B
102637,B
102638,C
102639,D
102640,A
102641,D
102642,D
102643,D
102644,C
102645,B
102646,B
102647,B
102648,D
102649,D
102650,C
102651,D
102652,D
102653,A
102654,D
102655,B
102656,B
102657,D
102658,C
102659,A
102660,D
102661,B
102662,B
102663,C
102664,D
102665,D
102666,B
102667,C
102668,B
102669,A
102670,C
102671,C
102672,B
102673,A
102674,C
102675,D
102676,D
102677,C
102678,A
102679,C
102680,D
102681,D
102682,A
102683,B
102684,D
102685,C
102686,D
102687,A
102688,A
102689,A
102690,D
102691,C
102692,D
102693,C
102694,C
102695,D
102696,C
102697,D
102698,A
102699,A
102700,A
102701,C
102702,D
102703,C
102704,B
102705,C
102706,D
102707,B
102708,D
102709,D
102710,A
102711,C
102712,A
102713,C
102714,C
102715,C
102716,C
102717,B
102718,A
102719,C
102720,B
102721,A
102722,A
102723,D
102724,C
102725,A
102726,D
102727,C
102728,A
102729,D
102730,C
102731,C
102732,D
102733,D
102734,A
102735,A
102736,A
102737,C
102738,A
102739,D
102740,B
102741,A
102742,B
102743,B
102744,D
102745,A
102746,B
102747,D
102748,A
102749,B
102750,A
102751,A
102752,D
102753,D
102754,A
102755,D
102756,B
102757,C
102758,D
102759,B
102760,A
102761,D
102762,D
102763,C
102764,B
102765,B
102766,D
102767,C
102768,A
102769,D
102770,D
102771,C
102772,B
102773,B
102774,D
102775,A
102776,B
102777,D
102778,A
102779,C
102780,B
102781,D
102782,B
102783,D
102784,C
102785,B
102786,C
102787,B
102788,A
102789,D
102790,B
102791,B
102792,A
102793,D
102794,C
102795,D
102796,D
102797,B
102798,D
102799,D
102800,B
102801,C
102802,A
102803,D
102804,D
102805,B
102806,A
102807,C
102808,B
102809,D
102810,A
102811,C
102812,B
102813,D
102814,C
102815,D
102816,B
102817,D
102818,B
102819,A
102820,A
102821,B
102822,C
102823,B
102824,D
102825,B
102826,C
102827,B
102828,A
102829,C
102830,A
102831,A
102832,A
102833,A
102834,C
102835,B
102836,C
102837,A
102838,B
102839,C
102840,A
102841,B
102842,A
102843,A
102844,D
102845,D
102846,C
102847,D
102848,C
102849,C
102850,A
102851,B
102852,A
102853,B
102854,C
102855,B
102856,D
102857,A
102858,B
102859,B
102860,A
102861,C
102862,D
102863,A
102864,A
102865,C
102866,D
102867,D
102868,C
102869,B
102870,A
102871,C
102872,D
102873,D
102874,B
102875,A
102876,B
102877,B
102878,C
102879,D
102880,B
102881,B
102882,D
102883,D
102884,B
102885,D
102886,D
102887,B
102888,D
102889,A
102890,B
102891,C
102892,A
102893,C
102894,D
102895,D
102896,D
102897,D
102898,B
102899,A
102900,A
102901,C
102902,C
102903,B
102904,C
102905,D
102906,B
102907,D
102908,D
102909,D
102910,B
102911,D
102912,D
102913,D
102914,C
102915,D
102916,B
102917,B
102918,D
102919,B
102920,D
102921,D
102922,A
102923,A
102924,C
102925,B
102926,C
102927,D
102928,A
102929,B
102930,A
102931,B
102932,D
102933,C
102934,A
102935,A
102936,C
102937,B
102938,D
102939,D
102940,B
102941,D
102942,C
102943,C
102944,C
102945,D
102946,D
102947,D
102948,C
102949,D
102950,B
102951,A
102952,D
102953,D
102954,D
102955,C
102956,C
102957,A
102958,D
102959,B
102960,A
102961,C
102962,B
102963,A
102964,D
102965,D
102966,D
102967,B
102968,B
102969,B
102970,D
102971,D
102972,D
102973,C
102974,B
102975,B
102976,B
102977,D
102978,B
102979,D
102980,C
102981,C
102982,C
102983,B
102984,A
102985,D
102986,D
102987,C
102988,A
102989,C
102990,B
102991,A
102992,B
102993,C
102994,D
102995,B
102996,A
102997,C
102998,D
102999,C
103000,B
103001,D
103002,A
103003,D
103004,C
103005,B
103006,D
103007,A
103008,D
103009,C
103010,A
103011,D
103012,D
103013,A
103014,C
103015,B
103016,D
103017,C
103018,C
103019,A
103020,C
103021,B
103022,D
103023,A
103024,D
103025,A
103026,B
103027,B
103028,B
103029,A
103030,D
103031,D
103032,A
103033,A
103034,D
103035,D
103036,B
103037,C
103038,D
103039,D
103040,D
103041,C
103042,D
103043,C
103044,C
103045,C
103046,A
103047,D
103048,A
103049,B
103050,C
103051,B
103052,B
103053,A
103054,D
103055,B
103056,D
103057,B
103058,C
103059,C
103060,C
103061,B
103062,C
103063,C
103064,A
103065,A
103066,B
103067,A
103068,C
103069,B
103070,B
103071,D
103072,A
103073,C
103074,D
103075,A
103076,B
103077,A
103078,A
103079,A
103080,A
103081,B
103082,C
103083,C
103084,B
103085,C
103086,B
103087,D
103088,B
103089,B
103090,C
103091,B
103092,D
103093,C
103094,B
103095,C
103096,D
103097,A
103098,C
103099,A
103100,B
103101,C
103102,D
103103,D
103104,A
103105,D
103106,D
103107,B
103108,C
103109,D
103110,B
103111,D
103112,D
103113,B
103114,D
103115,A
103116,C
103117,A
103118,C
103119,A
103120,C
103121,C
103122,D
103123,B
103124,A
103125,C
103126,D
103127,C
103128,C
103129,C
103130,A
103131,C
103132,A
103133,B
103134,D
103135,B
103136,B
103137,B
103138,D
103139,B
103140,D
103141,B
103142,A
103143,B
103144,A
103145,D
103146,A
103147,C
103148,B
103149,A
103150,D
103151,D
103152,A
103153,B
103154,C
103155,A
103156,D
103157,B
103158,A
103159,A
103160,D
103161,B
103162,D
103163,D
103164,C
103165,D
103166,C
103167,C
103168,B
103169,A
103170,C
103171,C
103172,D
103173,D
103174,D
103175,B
103176,A
103177,D
103178,C
103179,D
103180,B
103181,B
103182,B
103183,C
103184,D
103185,D
103186,B
103187,A
103188,C
103189,B
103190,C
103191,B
103192,A
103193,A
103194,D
103195,A
103196,C
103197,C
103198,D
103199,D
103200,A
103201,C
103202,C
103203,C
103204,A
103205,D
103206,A
103207,A
103208,C
103209,B
103210,B
103211,A
103212,B
103213,D
103214,A
103215,B
103216,C
103217,A
103218,D
103219,D
103220,D
103221,A
103222,A
103223,D
103224,A
103225,A
103226,D
103227,D
103228,A
103229,D
103230,B
103231,B
103232,C
103233,D
103234,D
103235,C
103236,A
103237,A
103238,B
103239,B
103240,B
103241,D
103242,A
103243,A
103244,C
103245,A
103246,B
103247,C
103248,D
103249,C
103250,C
103251,C
103252,B
103253,C
103254,D
103255,B
103256,D
103257,A
103258,C
103259,B
103260,A
103261,C
103262,C
103263,B
103264,B
103265,A
103266,C
103267,D
103268,A
103269,C
103270,B
103271,A
103272,C
103273,A
103274,B
103275,A
103276,B
103277,B
103278,A
103279,A
103280,C
103281,B
103282,D
103283,B
103284,D
103285,B
103286,B
103287,D
103288,A
103289,C
103290,A
103291,A
103292,B
103293,B
103294,C
103295,A
103296,A
103297,B
103298,D
103299,C
103300,B
103301,C
103302,A
103303,A
103304,C
103305,B
103306,B
103307,B
103308,D
103309,D
103310,A
103311,A
103312,B
103313,C
103314,C
103315,D
103316,D
103317,D
103318,B
103319,D
103320,C
103321,D
103322,A
103323,C
103324,D
103325,B
103326,A
103327,C
103328,A
103329,D
103330,C
103331,D
103332,A
103333,B
103334,B
103335,C
103336,A
103337,A
103338,A
103339,C
103340,B
103341,A
103342,C
103343,B
103344,C
103345,B
103346,B
103347,D
103348,B
103349,A
103350,D
103351,B
103352,A
103353,B
103354,A
103355,C
103356,D
103357,B
103358,C
103359,B
103360,C
103361,B
103362,B
103363,A
103364,D
103365,D
103366,B
103367,A
103368,C
103369,D
103370,B
103371,B
103372,C
103373,D
103374,B
103375,D
103376,C
103377,A
103378,A
103379,A
103380,A
103381,A
103382,C
103383,B
103384,A
103385,A
103386,A
103387,A
103388,C
103389,C
103390,D
103391,B
103392,C
103393,B
103394,D
103395,D
103396,C
103397,C
103398,C
103399,D
103400,B
103401,A
103402,C
103403,C
103404,D
103405,D
103406,A
103407,C
103408,A
103409,B
103410,B
103411,D
103412,A
103413,B
103414,D
103415,C
103416,A
103417,A
103418,D
103419,B
103420,D
103421,B
103422,C
103423,A
103424,B
103425,A
103426,D
103427,B
103428,B
103429,C
103430,C
103431,A
103432,B
103433,B
103434,A
103435,B
103436,B
103437,A
103438,B
103439,D
103440,A
103441,C
103442,D
103443,C
103444,A
103445,C
103446,D
103447,A
103448,A
103449,A
103450,B
103451,A
103452,A
103453,A
103454,B
103455,C
103456,C
103457,C
103458,D
103459,B
103460,B
103461,A
103462,C
103463,B
103464,C
103465,A
103466,D
103467,C
103468,C
103469,C
103470,A
103471,A
103472,A
103473,D
103474,B
103475,B
103476,C
103477,A
103478,C
103479,A
103480,A
103481,A
103482,B
103483,A
103484,D
103485,D
103486,D
103487,D
103488,B
103489,D
103490,C
103491,B
103492,D
103493,A
103494,B
103495,D
103496,D
103497,B
103498,C
103499,C
103500,D
103501,C
103502,B
103503,A
103504,A
103505,A
103506,A
103507,D
103508,D
103509,D
103510,C
103511,B
103512,D
103513,D
103514,C
103515,B
103516,C
103517,D
103518,A
103519,B
103520,A
103521,C
103522,C
103523,D
103524,C
103525,C
103526,A
103527,D
103528,D
103529,C
103530,C
103531,C
103532,C
103533,A
103534,A
103535,C
103536,D
103537,A
103538,D
103539,D
103540,C
103541,D
103542,B
103543,D
103544,D
103545,C
103546,B
103547,D
103548,B
103549,D
103550,B
103551,B
103552,D
103553,C
103554,A
103555,D
103556,A
103557,C
103558,B
103559,A
103560,B
103561,D
103562,A
103563,C
103564,C
103565,A
103566,A
103567,A
103568,D
103569,C
103570,A
103571,B
103572,A
103573,D
103574,B
103575,D
103576,B
103577,D
103578,C
103579,A
103580,A
103581,C
103582,D
103583,B
103584,A
103585,A
103586,A
103587,C
103588,D
103589,A
103590,B
103591,C
103592,C
103593,D
103594,B
103595,D
103596,A
103597,A
103598,A
103599,B
103600,A
103601,A
103602,C
103603,D
103604,A
103605,C
103606,D
103607,B
103608,B
103609,B
103610,B
103611,C
103612,C
103613,B
103614,B
103615,A
103616,D
103617,A
103618,A
103619,A
103620,B
103621,C
103622,A
103623,C
103624,D
103625,B
103626,D
103627,B
103628,B
103629,D
103630,D
103631,C
103632,C
103633,A
103634,C
103635,A
103636,C
103637,C
103638,B
103639,B
103640,B
103641,D
103642,D
103643,D
103644,D
103645,D
103646,D
103647,D
103648,B
103649,D
103650,C
103651,C
103652,D
103653,C
103654,C
103655,C
103656,C
103657,B
103658,A
103659,A
103660,A
103661,B
103662,C
103663,C
103664,A
103665,C
103666,B
103667,C
103668,B
103669,A
103670,B
103671,A
103672,C
103673,C
103674,B
103675,D
103676,D
103677,B
103678,C
103679,D
103680,B
103681,D
103682,B
103683,C
103684,A
103685,A
103686,A
103687,D
103688,A
103689,C
103690,A
103691,B
103692,B
103693,B
103694,A
103695,C
103696,C
103697,A
103698,C
103699,A
103700,A
103701,C
103702,C
103703,A
103704,A
103705,D
103706,D
103707,A
103708,D
103709,C
103710,B
103711,C
103712,D
103713,B
103714,B
103715,A
103716,C
103717,A
103718,B
103719,A
103720,C
103721,B
103722,B
103723,D
103724,B
103725,B
103726,B
103727,B
103728,C
103729,A
103730,B
103731,B
103732,A
103733,A
103734,C
103735,B
103736,D
103737,A
103738,D
103739,C
103740,C
103741,D
103742,A
103743,B
103744,A
103745,B
103746,C
103747,B
103748,B
103749,A
103750,D
103751,D
103752,D
103753,B
103754,C
103755,D
103756,D
103757,B
103758,B
103759,D
103760,D
103761,A
103762,B
103763,B
103764,C
103765,D
103766,A
103767,D
103768,D
103769,B
103770,C
103771,A
103772,A
103773,C
103774,C
103775,D
103776,A
103777,C
103778,D
103779,C
103780,C
103781,D
103782,B
103783,D
103784,C
103785,C
103786,B
103787,B
103788,A
103789,D
103790,A
103791,D
103792,B
103793,B
103794,D
103795,A
103796,A
103797,A
103798,A
103799,C
103800,B
103801,B
103802,D
103803,B
103804,C
103805,C
103806,B
103807,B
103808,D
103809,A
103810,B
103811,B
103812,A
103813,A
103814,C
103815,D
103816,C
103817,B
103818,D
103819,B
103820,D
103821,A
103822,B
103823,A
103824,D
103825,A
103826,D
103827,B
103828,C
103829,B
103830,C
103831,C
103832,D
103833,C
103834,A
103835,C
103836,C
103837,B
103838,B
103839,A
103840,D
103841,B
103842,D
103843,A
103844,B
103845,A
103846,D
103847,A
103848,D
103849,C
103850,D
103851,A
103852,D
103853,C
103854,B
103855,B
103856,C
103857,A
103858,A
103859,D
103860,A
103861,D
103862,C
103863,D
103864,C
103865,A
103866,D
103867,A
103868,A
103869,C
103870,A
103871,B
103872,C
103873,C
103874,B
103875,A
103876,D
103877,A
103878,A
103879,A
103880,A
103881,D
103882,D
103883,B
103884,A
103885,A
103886,A
103887,D
103888,C
103889,B
103890,A
103891,C
103892,C
103893,A
103894,D
103895,D
103896,B
103897,B
103898,C
103899,A
103900,B
103901,C
103902,D
103903,D
103904,A
103905,A
103906,B
103907,B
103908,B
103909,B
103910,B
103911,B
103912,C
103913,A
103914,D
103915,D
103916,D
103917,C
103918,B
103919,B
103920,B
103921,C
103922,A
103923,D
103924,D
103925,A
103926,C
103927,C
103928,B
103929,D
103930,D
103931,B
103932,B
103933,A
103934,D
103935,C
103936,D
103937,D
103938,C
103939,A
103940,A
103941,B
103942,D
103943,B
103944,A
103945,B
103946,B
103947,D
103948,B
103949,D
103950,C
103951,D
103952,D
103953,C
103954,A
103955,C
103956,B
103957,D
103958,C
103959,C
103960,A
103961,D
103962,C
103963,C
103964,A
103965,B
103966,D
103967,C
103968,D
103969,D
103970,D
103971,A
103972,C
103973,A
103974,D
103975,A
103976,D
103977,A
103978,B
103979,B
103980,D
103981,B
103982,C
103983,D
103984,D
103985,A
103986,A
103987,C
103988,A
103989,C
103990,C
103991,D
103992,A
103993,A
103994,A
103995,D
103996,A
103997,C
103998,B
103999,B
104000,B
104001,C
104002,D
104003,C
104004,C
104005,D
104006,D
104007,B
104008,B
104009,B
104010,B
104011,A
104012,C
104013,D
104014,A
104015,D
104016,C
104017,A
104018,A
104019,B
104020,B
104021,D
104022,A
104023,C
104024,A
104025,C
104026,D
104027,A
104028,B
104029,C
104030,C
104031,A
104032,D
104033,A
104034,C
104035,B
104036,A
104037,C
104038,C
104039,C
104040,A
104041,D
104042,B
104043,B
104044,B
104045,B
104046,D
104047,B
104048,D
104049,D
104050,B
104051,D
104052,D
104053,D
104054,D
104055,B
104056,B
104057,C
104058,B
104059,C
104060,D
104061,D
104062,B
104063,C
104064,C
104065,A
104066,A
104067,D
104068,B
104069,D
104070,A
104071,A
104072,B
104073,B
104074,D
104075,D
104076,C
104077,B
104078,A
104079,C
104080,B
104081,C
104082,D
104083,A
104084,B
104085,B
104086,D
104087,B
104088,B
104089,D
104090,B
104091,D
104092,C
104093,A
104094,D
104095,A
104096,C
104097,D
104098,A
104099,B
104100,B
104101,A
104102,D
104103,C
104104,B
104105,B
104106,B
104107,D
104108,D
104109,C
104110,B
104111,C
104112,B
104113,D
104114,D
104115,C
104116,A
104117,C
104118,C
104119,D
104120,B
104121,C
104122,B
104123,A
104124,C
104125,A
104126,D
104127,A
104128,C
104129,B
104130,C
104131,D
104132,C
104133,A
104134,C
104135,D
104136,A
104137,A
104138,C
104139,B
104140,C
104141,D
104142,B
104143,A
104144,D
104145,A
104146,A
104147,C
104148,D
104149,D
104150,D
104151,C
104152,B
104153,A
104154,B
104155,C
104156,D
104157,A
104158,B
104159,D
104160,A
104161,D
104162,D
104163,A
104164,C
104165,B
104166,D
104167,D
104168,C
104169,C
104170,B
104171,C
104172,C
104173,B
104174,C
104175,C
104176,A
104177,C
104178,A
104179,C
104180,A
104181,C
104182,B
104183,A
104184,A
104185,C
104186,D
104187,C
104188,B
104189,D
104190,A
104191,C
104192,D
104193,C
104194,C
104195,C
104196,B
104197,C
104198,B
104199,D
104200,C
104201,B
104202,D
104203,D
104204,D
104205,D
104206,A
104207,A
104208,A
104209,A
104210,B
104211,A
104212,D
104213,D
104214,D
104215,D
104216,D
104217,D
104218,A
104219,A
104220,D
104221,C
104222,D
104223,D
104224,C
104225,D
104226,B
104227,B
104228,C
104229,B
104230,B
104231,C
104232,A
104233,B
104234,A
104235,B
104236,A
104237,A
104238,B
104239,D
104240,D
104241,C
104242,B
104243,B
104244,A
104245,C
104246,B
104247,D
104248,B
104249,D
104250,B
104251,D
104252,D
104253,A
104254,C
104255,C
104256,C
104257,A
104258,B
104259,A
104260,B
104261,D
104262,A
104263,C
104264,B
104265,B
104266,C
104267,D
104268,A
104269,A
104270,C
104271,A
104272,D
104273,A
104274,B
104275,A
104276,D
104277,D
104278,B
104279,B
104280,A
104281,B
104282,D
104283,B
104284,C
104285,A
104286,A
104287,C
104288,A
104289,D
104290,B
104291,B
104292,D
104293,B
104294,C
104295,D
104296,B
104297,D
104298,A
104299,A
104300,B
104301,C
104302,A
104303,B
104304,B
104305,A
104306,D
104307,D
104308,C
104309,B
104310,A
104311,C
104312,C
104313,D
104314,D
104315,B
104316,B
104317,C
104318,B
104319,A
104320,B
104321,B
104322,B
104323,B
104324,D
104325,C
104326,D
104327,D
104328,B
104329,D
104330,A
104331,A
104332,D
104333,D
104334,A
104335,B
104336,D
104337,B
104338,B
104339,C
104340,B
104341,B
104342,A
104343,A
104344,D
104345,C
104346,D
104347,D
104348,D
104349,A
104350,B
104351,C
104352,B
104353,C
104354,B
104355,C
104356,D
104357,D
104358,C
104359,B
104360,B
104361,D
104362,D
104363,B
104364,B
104365,C
104366,C
104367,A
104368,A
104369,C
104370,B
104371,C
104372,D
104373,A
104374,B
104375,D
104376,A
104377,B
104378,D
104379,A
104380,B
104381,B
104382,B
104383,C
104384,A
104385,C
104386,A
104387,D
104388,C
104389,B
104390,C
104391,A
104392,A
104393,C
104394,B
104395,A
104396,B
104397,C
104398,D
104399,A
104400,B
104401,D
104402,C
104403,B
104404,A
104405,B
104406,D
104407,C
104408,A
104409,D
104410,D
104411,A
104412,D
104413,B
104414,A
104415,D
104416,C
104417,C
104418,B
104419,B
104420,A
104421,D
104422,B
104423,B
104424,C
104425,A
104426,C
104427,A
104428,B
104429,A
104430,C
104431,A
104432,A
104433,C
104434,A
104435,D
104436,A
104437,A
104438,B
104439,B
104440,B
104441,A
104442,D
104443,B
104444,A
104445,C
104446,C
104447,C
104448,A
104449,B
104450,C
104451,D
104452,C
104453,C
104454,D
104455,D
104456,B
104457,B
104458,A
104459,D
104460,B
104461,D
104462,B
104463,B
104464,A
104465,B
104466,D
104467,D
104468,B
104469,D
104470,D
104471,B
104472,B
104473,D
104474,C
104475,C
104476,C
104477,D
104478,A
104479,B
104480,C
104481,B
104482,A
104483,B
104484,B
104485,D
104486,C
104487,C
104488,A
104489,D
104490,D
104491,B
104492,B
104493,B
104494,A
104495,A
104496,D
104497,A
104498,D
104499,B
104500,C
104501,D
104502,B
104503,C
104504,A
104505,C
104506,A
104507,B
104508,A
104509,B
104510,B
104511,B
104512,A
104513,D
104514,C
104515,A
104516,B
104517,B
104518,A
104519,B
104520,B
104521,D
104522,D
104523,D
104524,C
104525,C
104526,B
104527,D
104528,A
104529,B
104530,D
104531,A
104532,A
104533,C
104534,D
104535,A
104536,A
104537,D
104538,C
104539,B
104540,C
104541,B
104542,A
104543,C
104544,D
104545,B
104546,B
104547,B
104548,C
104549,B
104550,B
104551,D
104552,A
104553,B
104554,C
104555,B
104556,C
104557,D
104558,A
104559,B
104560,C
104561,B
104562,D
104563,D
104564,A
104565,A
104566,D
104567,C
104568,B
104569,D
104570,B
104571,D
104572,D
104573,B
104574,D
104575,D
104576,B
104577,D
104578,A
104579,D
104580,C
104581,D
104582,C
104583,B
104584,A
104585,C
104586,C
104587,B
104588,B
104589,B
104590,A
104591,D
104592,B
104593,D
104594,C
104595,D
104596,C
104597,B
104598,A
104599,B
104600,D
104601,D
104602,C
104603,D
104604,A
104605,A
104606,D
104607,D
104608,C
104609,C
104610,A
104611,D
104612,D
104613,B
104614,D
104615,C
104616,C
104617,A
104618,A
104619,C
104620,D
104621,B
104622,A
104623,A
104624,D
104625,B
104626,A
104627,C
104628,D
104629,D
104630,C
104631,B
104632,D
104633,C
104634,D
104635,D
104636,C
104637,C
104638,A
104639,D
104640,D
104641,B
104642,C
104643,C
104644,A
104645,B
104646,B
104647,B
104648,D
104649,B
104650,B
104651,A
104652,C
104653,B
104654,D
104655,C
104656,B
104657,D
104658,C
104659,D
104660,C
104661,D
104662,A
104663,A
104664,C
104665,D
104666,D
104667,A
104668,D
104669,B
104670,A
104671,C
104672,B
104673,B
104674,C
104675,D
104676,B
104677,C
104678,A
104679,C
104680,C
104681,D
104682,A
104683,C
104684,C
104685,A
104686,A
104687,A
104688,D
104689,C
104690,B
104691,A
104692,D
104693,D
104694,A
104695,B
104696,D
104697,A
104698,B
104699,B
104700,A
104701,D
104702,D
104703,C
104704,B
104705,C
104706,C
104707,C
104708,D
104709,A
104710,B
104711,A
104712,C
104713,B
104714,D
104715,D
104716,A
104717,D
104718,A
104719,C
104720,C
104721,D
104722,C
104723,C
104724,A
104725,A
104726,D
104727,C
104728,D
104729,D
104730,B
104731,B
104732,D
104733,A
104734,A
104735,A
104736,A
104737,B
104738,B
104739,B
104740,B
104741,D
104742,C
104743,B
104744,A
104745,B
104746,D
104747,B
104748,D
104749,C
104750,D
104751,D
104752,C
104753,D
104754,C
104755,D
104756,C
104757,B
104758,B
104759,B
104760,B
104761,B
104762,B
104763,A
104764,A
104765,C
104766,C
104767,B
104768,C
104769,D
104770,B
104771,B
104772,C
104773,B
104774,C
104775,D
104776,D
104777,C
104778,D
104779,B
104780,C
104781,B
104782,B
104783,A
104784,D
104785,A
104786,C
104787,D
104788,A
104789,D
104790,A
104791,A
104792,D
104793,B
104794,C
104795,A
104796,D
104797,D
104798,D
104799,C
104800,A
104801,A
104802,C
104803,B
104804,D
104805,B
104806,A
104807,B
104808,D
104809,C
104810,A
104811,B
104812,A
104813,C
104814,A
104815,A
104816,A
104817,C
104818,B
104819,D
104820,B
104821,A
104822,D
104823,D
104824,A
104825,B
104826,C
104827,A
104828,B
104829,C
104830,C
104831,D
104832,A
104833,A
104834,B
104835,D
104836,D
104837,D
104838,D
104839,A
104840,A
104841,C
104842,D
104843,D
104844,C
104845,C
104846,C
104847,C
104848,A
104849,B
104850,B
104851,D
104852,D
104853,A
104854,A
104855,A
104856,C
104857,D
104858,B
104859,C
104860,B
104861,A
104862,A
104863,D
104864,A
104865,D
104866,B
104867,D
104868,A
104869,A
104870,A
104871,D
104872,C
104873,C
104874,C
104875,C
104876,B
104877,D
104878,D
104879,C
104880,C
104881,A
104882,D
104883,A
104884,C
104885,A
104886,D
104887,B
104888,D
104889,C
104890,A
104891,D
104892,D
104893,C
104894,C
104895,A
104896,B
104897,D
104898,C
104899,A
104900,A
104901,B
104902,A
104903,A
104904,C
104905,D
104906,A
104907,C
104908,C
104909,C
104910,A
104911,D
104912,C
104913,C
104914,D
104915,B
104916,B
104917,B
104918,C
104919,B
104920,D
104921,C
104922,B
104923,D
104924,D
104925,B
104926,C
104927,C
104928,D
104929,B
104930,D
104931,C
104932,D
104933,A
104934,D
104935,D
104936,A
104937,C
104938,A
104939,D
104940,B
104941,B
104942,C
104943,D
104944,B
104945,B
104946,B
104947,A
104948,B
104949,A
104950,A
104951,D
104952,D
104953,A
104954,C
104955,D
104956,D
104957,D
104958,D
104959,A
104960,C
104961,D
104962,A
104963,C
104964,B
104965,D
104966,C
104967,D
104968,D
104969,C
104970,A
104971,D
104972,A
104973,D
104974,A
104975,C
104976,C
104977,C
104978,B
104979,C
104980,D
104981,B
104982,D
104983,A
104984,D
104985,D
104986,B
104987,A
104988,C
104989,B
104990,C
104991,C
104992,B
104993,C
104994,A
104995,D
104996,A
104997,A
104998,D
104999,B
105000,A
105001,D
105002,D
105003,C
105004,C
105005,C
105006,C
105007,D
105008,D
105009,A
105010,D
105011,A
105012,D
105013,C
105014,C
105015,D
105016,D
105017,A
105018,A
105019,D
105020,C
105021,D
105022,D
105023,A
105024,B
105025,C
105026,B
105027,B
105028,D
105029,A
105030,A
105031,A
105032,C
105033,D
105034,A
105035,C
105036,A
105037,A
105038,B
105039,A
105040,C
105041,B
105042,C
105043,A
105044,A
105045,C
105046,B
105047,C
105048,D
105049,A
105050,B
105051,C
105052,A
105053,C
105054,D
105055,C
105056,B
105057,B
105058,D
105059,B
105060,B
105061,C
105062,B
105063,C
105064,D
105065,D
105066,A
105067,A
105068,B
105069,C
105070,D
105071,C
105072,B
105073,B
105074,D
105075,D
105076,D
105077,C
105078,D
105079,D
105080,A
105081,B
105082,C
105083,B
105084,B
105085,C
105086,B
105087,D
105088,B
105089,D
105090,D
105091,D
105092,C
105093,D
105094,A
105095,A
105096,B
105097,C
105098,B
105099,D
105100,A
105101,D
105102,A
105103,B
105104,A
105105,D
105106,B
105107,D
105108,B
105109,D
105110,A
105111,D
105112,A
105113,B
105114,B
105115,A
105116,D
105117,D
105118,C
105119,B
105120,A
105121,A
105122,A
105123,C
105124,A
105125,B
105126,D
105127,B
105128,A
105129,B
105130,A
105131,D
105132,A
105133,A
105134,A
105135,A
105136,C
105137,D
105138,A
105139,A
105140,D
105141,D
105142,D
105143,B
105144,D
105145,B
105146,A
105147,B
105148,D
105149,B
105150,A
105151,C
105152,C
105153,B
105154,B
105155,C
105156,D
105157,D
105158,D
105159,B
105160,B
105161,C
105162,A
105163,B
105164,B
105165,A
105166,B
105167,C
105168,A
105169,B
105170,D
105171,D
105172,D
105173,C
105174,D
105175,B
105176,D
105177,C
105178,C
105179,B
105180,D
105181,C
105182,B
105183,B
105184,B
105185,C
105186,C
105187,D
105188,A
105189,D
105190,D
105191,C
105192,D
105193,B
105194,B
105195,A
105196,D
105197,B
105198,A
105199,A
105200,D
105201,D
105202,B
105203,C
105204,A
105205,A
105206,C
105207,D
105208,D
105209,B
105210,A
105211,A
105212,A
105213,A
105214,A
105215,C
105216,C
105217,A
105218,C
105219,B
105220,B
105221,D
105222,D
105223,B
105224,A
105225,B
105226,C
105227,C
105228,D
105229,A
105230,B
105231,D
105232,D
105233,B
105234,B
105235,D
105236,C
105237,D
105238,A
105239,A
105240,C
105241,D
105242,C
105243,D
105244,D
105245,C
105246,C
105247,D
105248,B
105249,D
105250,C
105251,D
105252,D
105253,A
105254,C
105255,B
105256,B
105257,B
105258,A
105259,A
105260,D
105261,B
105262,B
105263,A
105264,B
105265,A
105266,B
105267,D
105268,B
105269,D
105270,A
105271,B
105272,B
105273,B
105274,D
105275,D
105276,B
105277,C
105278,B
105279,A
105280,B
105281,B
105282,B
105283,C
105284,D
105285,D
105286,B
105287,B
105288,C
105289,A
105290,A
105291,C
105292,C
105293,B
105294,D
105295,B
105296,C
105297,A
105298,B
105299,D
105300,D
105301,A
105302,C
105303,C
105304,C
105305,D
105306,B
105307,C
105308,A
105309,A
105310,B
105311,A
105312,D
105313,C
105314,A
105315,D
105316,A
105317,A
105318,B
105319,B
105320,C
105321,A
105322,D
105323,A
105324,B
105325,D
105326,D
105327,B
105328,B
105329,B
105330,B
105331,A
105332,C
105333,C
105334,B
105335,A
105336,D
105337,D
105338,D
105339,B
105340,D
105341,B
105342,D
105343,B
105344,A
105345,A
105346,D
105347,C
105348,B
105349,C
105350,C
105351,A
105352,B
105353,B
105354,C
105355,C
105356,C
105357,A
105358,A
105359,C
105360,C
105361,D
105362,D
105363,C
105364,A
105365,D
105366,D
105367,D
105368,B
105369,B
105370,C
105371,C
105372,B
105373,A
105374,A
105375,C
105376,D
105377,D
105378,D
105379,D
105380,D
105381,A
105382,B
105383,B
105384,A
105385,A
105386,C
105387,D
105388,B
105389,B
105390,C
105391,B
105392,D
105393,B
105394,D
105395,B
105396,C
105397,D
105398,B
105399,A
105400,C
105401,B
105402,A
105403,D
105404,A
105405,B
105406,A
105407,D
105408,B
105409,B
105410,B
105411,B
105412,D
105413,A
105414,C
105415,C
105416,C
105417,D
105418,A
105419,A
105420,C
105421,D
105422,C
105423,A
105424,D
105425,B
105426,A
105427,A
105428,D
105429,D
105430,D
105431,A
105432,D
105433,D
105434,D
105435,C
105436,D
105437,D
105438,B
105439,B
105440,A
105441,D
105442,C
105443,B
105444,B
105445,B
105446,A
105447,A
105448,A
105449,D
105450,A
105451,A
105452,C
105453,C
105454,A
105455,B
105456,B
105457,D
105458,C
105459,C
105460,A
105461,D
105462,D
105463,B
105464,A
105465,C
105466,A
105467,B
105468,D
105469,C
105470,A
105471,B
105472,B
105473,D
105474,D
105475,D
105476,A
105477,B
105478,B
105479,C
105480,B
105481,A
105482,A
105483,B
105484,B
105485,A
105486,C
105487,C
105488,B
105489,D
105490,A
105491,D
105492,B
105493,A
105494,B
105495,B
105496,D
105497,C
105498,A
105499,A
105500,B
105501,D
105502,C
105503,A
105504,A
105505,C
105506,B
105507,C
105508,B
105509,A
105510,A
105511,C
105512,B
105513,C
105514,A
105515,D
105516,A
105517,A
105518,D
105519,B
105520,D
105521,A
105522,C
105523,D
105524,B
105525,D
105526,A
105527,D
105528,C
105529,B
105530,A
105531,C
105532,C
105533,B
105534,A
105535,C
105536,C
105537,C
105538,A
105539,D
105540,A
105541,B
105542,B
105543,D
105544,C
105545,A
105546,C
105547,A
105548,D
105549,C
105550,A
105551,A
105552,D
105553,A
105554,B
105555,C
105556,C
105557,A
105558,C
105559,C
105560,B
105561,B
105562,C
105563,D
105564,C
105565,A
105566,B
105567,D
105568,B
105569,B
105570,C
105571,B
105572,A
105573,A
105574,D
105575,C
105576,A
105577,D
105578,C
105579,C
105580,D
105581,A
105582,A
105583,A
105584,D
105585,B
105586,C
105587,A
105588,D
105589,C
105590,C
105591,B
105592,C
105593,C
105594,C
105595,B
105596,A
105597,A
105598,C
105599,C
105600,D
105601,D
105602,C
105603,C
105604,C
105605,B
105606,C
105607,A
105608,C
105609,B
105610,D
105611,D
105612,A
105613,D
105614,A
105615,C
105616,A
105617,B
105618,A
105619,C
105620,D
105621,B
105622,B
105623,D
105624,D
105625,B
105626,D
105627,B
105628,D
105629,D
105630,C
105631,B
105632,C
105633,B
105634,B
105635,D
105636,A
105637,C
105638,C
105639,D
105640,C
105641,A
105642,A
105643,B
105644,D
105645,D
105646,D
105647,C
105648,C
105649,B
105650,A
105651,B
105652,B
105653,C
105654,A
105655,B
105656,C
105657,B
105658,A
105659,C
105660,B
105661,C
105662,B
105663,D
105664,D
105665,B
105666,B
105667,D
105668,C
105669,B
105670,A
105671,D
105672,B
105673,D
105674,A
105675,C
105676,B
105677,A
105678,D
105679,C
105680,D
105681,D
105682,D
105683,B
105684,A
105685,B
105686,B
105687,D
105688,A
105689,D
105690,A
105691,A
105692,B
105693,C
105694,C
105695,D
105696,D
105697,C
105698,A
105699,B
105700,B
105701,B
105702,B
105703,A
105704,A
105705,A
105706,C
105707,A
105708,D
105709,D
105710,D
105711,A
105712,D
105713,B
105714,A
105715,A
105716,D
105717,D
105718,A
105719,C
105720,C
105721,C
105722,D
105723,C
105724,A
105725,C
105726,D
105727,A
105728,B
105729,C
105730,A
105731,D
105732,A
105733,A
105734,B
105735,D
105736,B
105737,C
105738,D
105739,C
105740,C
105741,C
105742,D
105743,C
105744,D
105745,A
105746,A
105747,D
105748,C
105749,B
105750,A
105751,B
105752,D
105753,D
105754,D
105755,B
105756,C
105757,B
105758,B
105759,D
105760,D
105761,C
105762,B
105763,C
105764,D
105765,B
105766,A
105767,D
105768,B
105769,C
105770,D
105771,C
105772,C
105773,B
105774,B
105775,D
105776,A
105777,D
105778,A
105779,C
105780,D
105781,A
105782,A
105783,C
105784,C
105785,D
105786,D
105787,D
105788,D
105789,A
105790,A
105791,D
105792,B
105793,C
105794,B
105795,D
105796,B
105797,C
105798,B
105799,C
105800,C
105801,D
105802,B
105803,C
105804,A
105805,C
105806,D
105807,A
105808,A
105809,D
105810,C
105811,D
105812,D
105813,C
105814,C
105815,A
105816,A
105817,B
105818,C
105819,A
105820,D
105821,A
105822,A
105823,A
105824,A
105825,C
105826,C
105827,B
105828,B
105829,B
105830,B
105831,C
105832,D
105833,C
105834,A
105835,B
105836,B
105837,B
105838,A
105839,D
105840,B
105841,C
105842,B
105843,A
105844,C
105845,D
105846,B
105847,C
105848,B
105849,D
105850,A
105851,A
105852,D
105853,D
105854,D
105855,C
105856,D
105857,A
105858,A
105859,C
105860,B
105861,C
105862,B
105863,D
105864,A
105865,D
105866,D
105867,B
105868,B
105869,C
105870,C
105871,D
105872,B
105873,A
105874,B
105875,A
105876,D
105877,D
105878,D
105879,B
105880,C
105881,C
105882,C
105883,C
105884,C
105885,D
105886,D
105887,A
105888,A
105889,A
105890,A
105891,C
105892,A
105893,C
105894,C
105895,A
105896,D
105897,B
105898,A
105899,D
105900,D
105901,D
105902,A
105903,A
105904,A
105905,B
105906,A
105907,A
105908,A
105909,A
105910,C
105911,C
105912,D
105913,B
105914,D
105915,C
105916,A
105917,A
105918,B
105919,B
105920,A
105921,D
105922,D
105923,D
105924,C
105925,B
105926,D
105927,B
105928,A
105929,B
105930,C
105931,D
105932,B
105933,A
105934,B
105935,C
105936,C
105937,B
105938,D
105939,C
105940,C
105941,B
105942,B
105943,D
105944,D
105945,B
105946,A
105947,B
105948,C
105949,B
105950,D
105951,C
105952,C
105953,D
105954,B
105955,C
105956,C
105957,A
105958,D
105959,C
105960,D
105961,B
105962,A
105963,A
105964,B
105965,B
105966,B
105967,D
105968,C
105969,C
105970,C
105971,D
105972,C
105973,C
105974,D
105975,C
105976,D
105977,A
105978,A
105979,B
105980,D
105981,A
105982,D
105983,C
105984,C
105985,D
105986,A
105987,A
105988,B
105989,B
105990,D
105991,A
105992,D
105993,C
105994,D
105995,B
105996,D
105997,C
105998,A
105999,B
106000,B
106001,A
106002,C
106003,C
106004,C
106005,C
106006,D
106007,C
106008,B
106009,D
106010,B
106011,D
106012,A
106013,D
106014,A
106015,A
106016,B
106017,A
106018,B
106019,C
106020,D
106021,B
106022,B
106023,B
106024,C
106025,B
106026,A
106027,B
106028,A
106029,D
106030,D
106031,D
106032,C
106033,B
106034,A
106035,A
106036,C
106037,A
106038,D
106039,A
106040,B
106041,C
106042,C
106043,A
106044,B
106045,C
106046,C
106047,C
106048,B
106049,D
106050,A
106051,C
106052,A
106053,A
106054,A
106055,D
106056,A
106057,D
106058,C
106059,D
106060,D
106061,B
106062,A
106063,B
106064,B
106065,A
106066,A
106067,D
106068,D
106069,A
106070,A
106071,C
106072,A
106073,A
106074,C
106075,A
106076,A
106077,C
106078,A
106079,B
106080,D
106081,A
106082,C
106083,C
106084,B
106085,D
106086,C
106087,D
106088,A
106089,B
106090,A
106091,A
106092,B
106093,C
106094,B
106095,D
106096,A
106097,D
106098,D
106099,B
106100,C
106101,D
106102,B
106103,C
106104,C
106105,B
106106,C
106107,A
106108,B
106109,B
106110,B
106111,D
106112,C
106113,A
106114,C
106115,C
106116,D
106117,B
106118,D
106119,D
106120,B
106121,A
106122,D
106123,B
106124,D
106125,C
106126,A
106127,A
106128,B
106129,D
106130,C
106131,B
106132,C
106133,D
106134,C
106135,D
106136,D
106137,B
106138,D
106139,B
106140,A
106141,D
106142,A
106143,D
106144,D
106145,C
106146,B
106147,B
106148,C
106149,A
106150,B
106151,B
106152,C
106153,D
106154,B
106155,A
106156,A
106157,A
106158,D
106159,A
106160,B
106161,B
106162,C
106163,B
106164,C
106165,D
106166,C
106167,A
106168,C
106169,B
106170,C
106171,D
106172,C
106173,D
106174,D
106175,A
106176,D
106177,D
106178,D
106179,A
106180,C
106181,A
106182,B
106183,C
106184,C
106185,C
106186,D
106187,A
106188,A
106189,D
106190,A
106191,B
106192,B
106193,A
106194,A
106195,A
106196,C
106197,A
106198,D
106199,C
106200,A
106201,C
106202,A
106203,C
106204,D
106205,C
106206,B
106207,C
106208,B
106209,B
106210,C
106211,C
106212,B
106213,B
106214,C
106215,D
106216,D
106217,D
106218,D
106219,B
106220,D
106221,D
106222,D
106223,D
106224,B
106225,D
106226,D
106227,D
106228,A
106229,C
106230,D
106231,A
106232,D
106233,A
106234,A
106235,A
106236,A
106237,A
106238,A
106239,B
106240,B
106241,C
106242,B
106243,D
106244,A
106245,D
106246,C
106247,B
106248,C
106249,D
106250,D
106251,B
106252,B
106253,A
106254,D
106255,A
106256,C
106257,D
106258,A
106259,D
106260,D
106261,C
106262,D
106263,B
106264,A
106265,A
106266,D
106267,A
106268,D
106269,D
106270,D
106271,A
106272,B
106273,A
106274,C
106275,A
106276,A
106277,B
106278,D
106279,D
106280,B
106281,B
106282,D
106283,D
106284,B
106285,A
106286,B
106287,D
106288,A
106289,D
106290,C
106291,D
106292,B
106293,A
106294,C
106295,B
106296,C
106297,A
106298,D
106299,B
106300,D
106301,A
106302,D
106303,D
106304,C
106305,D
106306,B
106307,D
106308,A
106309,C
106310,D
106311,C
106312,B
106313,A
106314,A
106315,A
106316,C
106317,D
106318,A
106319,B
106320,D
106321,B
106322,A
106323,B
106324,B
106325,C
106326,C
106327,B
106328,A
106329,B
106330,D
106331,A
106332,D
106333,B
106334,C
106335,C
106336,B
106337,B
106338,B
106339,A
106340,A
106341,D
106342,D
106343,C
106344,B
106345,B
106346,B
106347,A
106348,A
106349,A
106350,A
106351,C
106352,A
106353,B
106354,B
106355,C
106356,A
106357,B
106358,C
106359,D
106360,D
106361,A
106362,C
106363,C
106364,B
106365,B
106366,A
106367,D
106368,C
106369,D
106370,D
106371,C
106372,B
106373,D
106374,C
106375,D
106376,B
106377,B
106378,A
106379,C
106380,D
106381,A
106382,B
106383,C
106384,B
106385,C
106386,B
106387,B
106388,C
106389,A
106390,C
106391,D
106392,D
106393,A
106394,D
106395,A
106396,B
106397,C
106398,C
106399,B
106400,A
106401,A
106402,A
106403,B
106404,B
106405,A
106406,C
106407,B
106408,B
106409,D
106410,A
106411,D
106412,D
106413,A
106414,B
106415,A
106416,B
106417,C
106418,B
106419,B
106420,A
106421,A
106422,D
106423,C
106424,C
106425,D
106426,C
106427,C
106428,C
106429,A
106430,A
106431,A
106432,C
106433,D
106434,B
106435,C
106436,D
106437,D
106438,A
106439,A
106440,C
106441,C
106442,B
106443,C
106444,A
106445,B
106446,C
106447,A
106448,C
106449,D
106450,D
106451,D
106452,B
106453,A
106454,C
106455,C
106456,D
106457,D
106458,A
106459,B
106460,B
106461,B
106462,B
106463,B
106464,A
106465,C
106466,B
106467,D
106468,B
106469,A
106470,A
106471,A
106472,B
106473,A
106474,A
106475,C
106476,B
106477,A
106478,D
106479,A
106480,B
106481,A
106482,B
106483,B
106484,A
106485,C
106486,A
106487,A
106488,D
106489,A
106490,C
106491,B
106492,B
106493,B
106494,C
106495,B
106496,D
106497,B
106498,D
106499,B
106500,D
106501,D
106502,C
106503,B
106504,B
106505,A
106506,A
106507,C
106508,C
106509,A
106510,C
106511,A
106512,A
106513,D
106514,D
106515,C
106516,B
106517,D
106518,C
106519,D
106520,D
106521,B
106522,B
106523,B
106524,C
106525,B
106526,B
106527,A
106528,A
106529,A
106530,A
106531,D
106532,B
106533,C
106534,B
106535,D
106536,A
106537,D
106538,C
106539,B
106540,C
106541,C
106542,D
106543,D
106544,B
106545,B
106546,D
106547,B
106548,D
106549,C
106550,D
106551,A
106552,A
106553,A
106554,B
106555,C
106556,D
106557,C
106558,C
106559,A
106560,D
106561,B
106562,D
106563,B
106564,A
106565,D
106566,A
106567,C
106568,C
106569,C
106570,D
106571,D
106572,B
106573,D
106574,B
106575,D
106576,D
106577,B
106578,D
106579,A
106580,B
106581,A
106582,D
106583,C
106584,B
106585,B
106586,B
106587,B
106588,C
106589,B
106590,D
106591,D
106592,A
106593,D
106594,B
106595,B
106596,C
106597,B
106598,A
106599,A
106600,C
106601,D
106602,B
106603,D
106604,A
106605,B
106606,D
106607,C
106608,D
106609,A
106610,D
106611,A
106612,C
106613,B
106614,B
106615,D
106616,C
106617,A
106618,D
106619,A
106620,C
106621,C
106622,C
106623,A
106624,A
106625,D
106626,C
106627,D
106628,A
106629,A
106630,A
106631,B
106632,D
106633,B
106634,A
106635,B
106636,C
106637,D
106638,D
106639,C
106640,B
106641,C
106642,A
106643,D
106644,C
106645,A
106646,C
106647,B
106648,D
106649,B
106650,B
106651,D
106652,B
106653,C
106654,B
106655,B
106656,C
106657,D
106658,B
106659,C
106660,D
106661,B
106662,C
106663,B
106664,C
106665,C
106666,A
106667,A
106668,A
106669,A
106670,C
106671,C
106672,A
106673,C
106674,B
106675,B
106676,B
106677,B
106678,C
106679,A
106680,C
106681,D
106682,C
106683,C
106684,B
106685,C
106686,A
106687,C
106688,D
106689,C
106690,C
106691,B
106692,C
106693,B
106694,B
106695,B
106696,D
106697,C
106698,C
106699,A
106700,B
106701,B
106702,C
106703,B
106704,A
106705,C
106706,A
106707,A
106708,A
106709,B
106710,C
106711,D
106712,B
106713,D
106714,C
106715,B
106716,C
106717,D
106718,D
106719,A
106720,A
106721,B
106722,C
106723,A
106724,D
106725,C
106726,A
106727,B
106728,B
106729,A
106730,A
106731,C
106732,D
106733,B
106734,C
106735,B
106736,A
106737,C
106738,C
106739,B
106740,D
106741,B
106742,D
106743,A
106744,D
106745,A
106746,D
106747,C
106748,D
106749,C
106750,A
106751,D
106752,B
106753,C
106754,D
106755,B
106756,D
106757,A
106758,A
106759,C
106760,B
106761,A
106762,C
106763,C
106764,C
106765,B
106766,C
106767,D
106768,B
106769,C
106770,C
106771,A
106772,B
106773,D
106774,B
106775,A
106776,C
106777,D
106778,A
106779,C
106780,D
106781,C
106782,D
106783,A
106784,C
106785,B
106786,B
106787,A
106788,C
106789,D
106790,C
106791,D
106792,A
106793,C
106794,B
106795,A
106796,D
106797,B
106798,D
106799,D
106800,D
106801,B
106802,D
106803,A
106804,C
106805,C
106806,B
106807,D
106808,A
106809,B
106810,C
106811,D
106812,C
106813,A
106814,B
106815,B
106816,D
106817,C
106818,B
106819,D
106820,D
106821,A
106822,A
106823,D
106824,B
106825,D
106826,D
106827,D
106828,D
106829,C
106830,D
106831,C
106832,A
106833,B
106834,C
106835,C
106836,A
106837,C
106838,C
106839,C
106840,D
106841,D
106842,B
106843,A
106844,D
106845,B
106846,B
106847,A
106848,A
106849,D
106850,C
106851,A
106852,D
106853,A
106854,D
106855,A
106856,B
106857,D
106858,B
106859,D
106860,A
106861,B
106862,B
106863,C
106864,C
106865,B
106866,A
106867,C
106868,D
106869,B
106870,B
106871,D
106872,D
106873,C
106874,A
106875,C
106876,C
106877,C
106878,D
106879,D
106880,C
106881,B
106882,A
106883,B
106884,D
106885,D
106886,A
106887,B
106888,D
106889,B
106890,D
106891,D
106892,A
106893,B
106894,A
106895,D
106896,A
106897,B
106898,A
106899,D
106900,D
106901,A
106902,D
106903,A
106904,A
106905,B
106906,A
106907,B
106908,A
106909,D
106910,D
106911,A
106912,C
106913,D
106914,C
106915,C
106916,A
106917,B
106918,D
106919,A
106920,C
106921,B
106922,C
106923,A
106924,A
106925,C
106926,B
106927,B
106928,C
106929,D
106930,D
106931,A
106932,C
106933,D
106934,B
106935,A
106936,C
106937,B
106938,B
106939,B
106940,A
106941,D
106942,B
106943,A
106944,B
106945,D
106946,C
106947,A
106948,C
106949,D
106950,C
106951,B
106952,D
106953,D
106954,C
106955,A
106956,C
106957,A
106958,B
106959,D
106960,B
106961,D
106962,B
106963,C
106964,A
106965,A
106966,D
106967,C
106968,A
106969,D
106970,C
106971,C
106972,B
106973,B
106974,A
106975,C
106976,A
106977,D
106978,A
106979,A
106980,A
106981,A
106982,D
106983,C
106984,A
106985,B
106986,C
106987,C
106988,A
106989,A
106990,A
106991,C
106992,B
106993,C
106994,D
106995,A
106996,C
106997,B
106998,B
106999,B
107000,C
107001,C
107002,B
107003,D
107004,B
107005,A
107006,D
107007,D
107008,D
107009,C
107010,B
107011,D
107012,A
107013,A
107014,A
107015,C
107016,A
107017,C
107018,B
107019,B
107020,D
107021,A
107022,D
107023,D
107024,C
107025,C
107026,C
107027,D
107028,D
107029,A
107030,C
107031,C
107032,D
107033,A
107034,C
107035,D
107036,A
107037,C
107038,C
107039,A
107040,A
107041,C
107042,A
107043,C
107044,C
107045,B
107046,A
107047,B
107048,B
107049,B
107050,B
107051,B
107052,A
107053,B
107054,B
107055,A
107056,B
107057,C
107058,A
107059,D
107060,A
107061,D
107062,C
107063,D
107064,D
107065,A
107066,D
107067,D
107068,B
107069,B
107070,A
107071,B
107072,A
107073,C
107074,C
107075,D
107076,A
107077,D
107078,B
107079,D
107080,D
107081,B
107082,B
107083,D
107084,C
107085,D
107086,D
107087,B
107088,C
107089,B
107090,D
107091,C
107092,C
107093,C
107094,A
107095,D
107096,C
107097,C
107098,C
107099,C
107100,D
107101,C
107102,A
107103,D
107104,C
107105,B
107106,A
107107,B
107108,D
107109,D
107110,B
107111,B
107112,B
107113,B
107114,C
107115,D
107116,C
107117,B
107118,D
107119,D
107120,C
107121,C
107122,B
107123,A
107124,D
107125,B
107126,B
107127,D
107128,D
107129,C
107130,D
107131,D
107132,B
107133,B
107134,C
107135,C
107136,B
107137,A
107138,C
107139,A
107140,A
107141,C
107142,C
107143,C
107144,A
107145,A
107146,D
107147,B
107148,B
107149,B
107150,C
107151,A
107152,D
107153,C
107154,A
107155,C
107156,A
107157,D
107158,C
107159,D
107160,B
107161,C
107162,C
107163,D
107164,D
107165,D
107166,B
107167,B
107168,B
107169,D
107170,D
107171,D
107172,B
107173,D
107174,A
107175,A
107176,D
107177,A
107178,B
107179,A
107180,B
107181,C
107182,D
107183,A
107184,D
107185,B
107186,D
107187,D
107188,A
107189,A
107190,D
107191,A
107192,D
107193,B
107194,B
107195,A
107196,B
107197,D
107198,D
107199,B
107200,B
107201,C
107202,D
107203,B
107204,C
107205,A
107206,C
107207,B
107208,B
107209,B
107210,C
107211,B
107212,C
107213,C
107214,A
107215,D
107216,D
107217,D
107218,D
107219,B
107220,A
107221,A
107222,A
107223,A
107224,C
107225,D
107226,B
107227,B
107228,D
107229,D
107230,D
107231,B
107232,D
107233,C
107234,D
107235,B
107236,A
107237,C
107238,D
107239,A
107240,A
107241,B
107242,B
107243,A
107244,D
107245,D
107246,D
107247,A
107248,A
107249,B
107250,B
107251,A
107252,C
107253,C
107254,C
107255,C
107256,A
107257,B
107258,B
107259,A
107260,A
107261,C
107262,A
107263,D
107264,A
107265,B
107266,D
107267,B
107268,C
107269,A
107270,A
107271,D
107272,D
107273,D
107274,D
107275,A
107276,C
107277,D
107278,A
107279,D
107280,B
107281,B
107282,A
107283,C
107284,A
107285,A
107286,A
107287,B
107288,B
107289,B
107290,D
107291,D
107292,C
107293,A
107294,A
107295,A
107296,D
107297,D
107298,D
107299,A
107300,A
107301,A
107302,C
107303,B
107304,C
107305,A
107306,C
107307,A
107308,C
107309,D
107310,A
107311,D
107312,B
107313,D
107314,A
107315,D
107316,A
107317,C
107318,D
107319,C
107320,A
107321,D
107322,C
107323,D
107324,C
107325,A
107326,D
107327,D
107328,A
107329,B
107330,B
107331,C
107332,D
107333,C
107334,A
107335,A
107336,D
107337,D
107338,C
107339,D
107340,B
107341,A
107342,B
107343,C
107344,A
107345,C
107346,B
107347,A
107348,D
107349,B
107350,D
107351,B
107352,A
107353,A
107354,B
107355,C
107356,D
107357,D
107358,B
107359,C
107360,C
107361,D
107362,A
107363,A
107364,A
107365,A
107366,A
107367,D
107368,A
107369,D
107370,C
107371,A
107372,A
107373,C
107374,C
107375,A
107376,A
107377,B
107378,A
107379,C
107380,D
107381,D
107382,B
107383,D
107384,D
107385,B
107386,B
107387,A
107388,C
107389,C
107390,C
107391,A
107392,A
107393,C
107394,A
107395,A
107396,C
107397,B
107398,D
107399,D
107400,C
107401,C
107402,D
107403,D
107404,B
107405,C
107406,D
107407,A
107408,D
107409,C
107410,A
107411,C
107412,A
107413,B
107414,B
107415,B
107416,A
107417,A
107418,B
107419,A
107420,D
107421,C
107422,D
107423,A
107424,B
107425,B
107426,B
107427,B
107428,A
107429,A
107430,D
107431,A
107432,C
107433,A
107434,B
107435,D
107436,D
107437,B
107438,B
107439,D
107440,A
107441,D
107442,B
107443,A
107444,B
107445,C
107446,C
107447,A
107448,B
107449,C
107450,C
107451,D
107452,B
107453,A
107454,C
107455,A
107456,C
107457,A
107458,B
107459,A
107460,C
107461,D
107462,D
107463,B
107464,D
107465,D
107466,B
107467,D
107468,A
107469,D
107470,A
107471,D
107472,C
107473,B
107474,B
107475,C
107476,B
107477,D
107478,C
107479,D
107480,B
107481,C
107482,D
107483,D
107484,D
107485,B
107486,C
107487,B
107488,B
107489,D
107490,C
107491,C
107492,A
107493,D
107494,C
107495,C
107496,A
107497,A
107498,D
107499,C
107500,A
107501,A
107502,A
107503,A
107504,D
107505,C
107506,C
107507,D
107508,B
107509,A
107510,B
107511,D
107512,A
107513,A
107514,B
107515,B
107516,C
107517,D
107518,D
107519,A
107520,C
107521,D
107522,A
107523,B
107524,B
107525,C
107526,C
107527,D
107528,D
107529,A
107530,C
107531,C
107532,B
107533,B
107534,B
107535,D
107536,C
107537,B
107538,A
107539,C
107540,B
107541,A
107542,D
107543,D
107544,C
107545,A
107546,D
107547,A
107548,B
107549,D
107550,B
107551,C
107552,B
107553,B
107554,D
107555,C
107556,B
107557,A
107558,C
107559,A
107560,B
107561,B
107562,D
107563,A
107564,D
107565,B
107566,A
107567,D
107568,D
107569,C
107570,C
107571,B
107572,C
107573,C
107574,C
107575,B
107576,B
107577,B
107578,A
107579,D
107580,C
107581,C
107582,C
107583,C
107584,A
107585,C
107586,C
107587,B
107588,D
107589,C
107590,A
107591,A
107592,A
107593,A
107594,A
107595,D
107596,B
107597,A
107598,C
107599,D
107600,C
107601,B
107602,A
107603,C
107604,C
107605,B
107606,A
107607,C
107608,A
107609,A
107610,D
107611,D
107612,D
107613,D
107614,C
107615,C
107616,C
107617,D
107618,B
107619,D
107620,B
107621,A
107622,A
107623,A
107624,B
107625,B
107626,B
107627,A
107628,D
107629,B
107630,D
107631,A
107632,D
107633,B
107634,B
107635,C
107636,D
107637,C
107638,C
107639,B
107640,A
107641,B
107642,D
107643,D
107644,C
107645,B
107646,D
107647,B
107648,A
107649,A
107650,B
107651,A
107652,C
107653,D
107654,D
107655,A
107656,B
107657,D
107658,C
107659,B
107660,A
107661,C
107662,B
107663,B
107664,C
107665,A
107666,D
107667,A
107668,A
107669,A
107670,D
107671,A
107672,D
107673,A
107674,A
107675,B
107676,B
107677,C
107678,A
107679,D
107680,C
107681,D
107682,D
107683,C
107684,B
107685,A
107686,B
107687,A
107688,B
107689,D
107690,C
107691,B
107692,D
107693,C
107694,D
107695,D
107696,D
107697,D
107698,B
107699,A
107700,D
107701,D
107702,C
107703,B
107704,D
107705,A
107706,C
107707,A
107708,A
107709,C
107710,B
107711,B
107712,A
107713,C
107714,B
107715,B
107716,A
107717,A
107718,D
107719,C
107720,B
107721,D
107722,A
107723,C
107724,B
107725,B
107726,D
107727,A
107728,C
107729,D
107730,B
107731,C
107732,A
107733,B
107734,A
107735,A
107736,D
107737,C
107738,C
107739,D
107740,D
107741,A
107742,D
107743,A
107744,D
107745,C
107746,B
107747,C
107748,A
107749,B
107750,B
107751,D
107752,B
107753,C
107754,D
107755,A
107756,D
107757,C
107758,D
107759,C
107760,B
107761,B
107762,B
107763,B
107764,A
107765,C
107766,B
107767,A
107768,B
107769,C
107770,B
107771,A
107772,B
107773,D
107774,D
107775,C
107776,D
107777,D
107778,D
107779,D
107780,A
107781,A
107782,D
107783,B
107784,D
107785,B
107786,A
107787,A
107788,A
107789,A
107790,C
107791,A
107792,D
107793,C
107794,A
107795,A
107796,D
107797,C
107798,C
107799,A
107800,B
107801,D
107802,B
107803,C
107804,A
107805,C
107806,A
107807,A
107808,C
107809,A
107810,B
107811,A
107812,D
107813,B
107814,C
107815,B
107816,A
107817,D
107818,A
107819,A
107820,C
107821,A
107822,A
107823,D
107824,B
107825,D
107826,B
107827,C
107828,D
107829,B
107830,B
107831,A
107832,A
107833,B
107834,C
107835,D
107836,A
107837,B
107838,D
107839,C
107840,C
107841,D
107842,B
107843,C
107844,D
107845,A
107846,B
107847,C
107848,D
107849,A
107850,B
107851,D
107852,D
107853,C
107854,B
107855,A
107856,C
107857,B
107858,B
107859,C
107860,D
107861,B
107862,D
107863,D
107864,C
107865,B
107866,B
107867,D
107868,C
107869,B
107870,B
107871,A
107872,A
107873,B
107874,D
107875,A
107876,C
107877,A
107878,A
107879,B
107880,C
107881,B
107882,D
107883,B
107884,A
107885,D
107886,D
107887,C
107888,B
107889,D
107890,A
107891,C
107892,D
107893,B
107894,D
107895,B
107896,B
107897,A
107898,D
107899,D
107900,A
107901,B
107902,B
107903,A
107904,C
107905,D
107906,B
107907,C
107908,D
107909,D
107910,A
107911,A
107912,C
107913,D
107914,D
107915,A
107916,A
107917,C
107918,A
107919,C
107920,D
107921,C
107922,A
107923,A
107924,B
107925,C
107926,A
107927,D
107928,B
107929,A
107930,B
107931,C
107932,D
107933,D
107934,A
107935,A
107936,C
107937,A
107938,D
107939,D
107940,C
107941,A
107942,A
107943,B
107944,B
107945,B
107946,D
107947,A
107948,D
107949,B
107950,C
107951,D
107952,D
107953,B
107954,D
107955,D
107956,B
107957,D
107958,D
107959,D
107960,D
107961,D
107962,B
107963,D
107964,A
107965,D
107966,D
107967,C
107968,A
107969,D
107970,B
107971,C
107972,C
107973,D
107974,D
107975,A
107976,D
107977,C
107978,C
107979,C
107980,C
107981,B
107982,A
107983,C
107984,D
107985,C
107986,A
107987,B
107988,C
107989,C
107990,D
107991,C
107992,B
107993,C
107994,C
107995,C
107996,B
107997,C
107998,C
107999,B
108000,D
108001,C
108002,C
108003,C
108004,B
108005,A
108006,B
108007,B
108008,C
108009,D
108010,B
108011,D
108012,C
108013,A
108014,B
108015,C
108016,D
108017,B
108018,D
108019,D
108020,C
108021,B
108022,D
108023,B
108024,A
108025,B
108026,C
108027,B
108028,C
108029,A
108030,B
108031,A
108032,A
108033,A
108034,A
108035,A
108036,A
108037,C
108038,B
108039,D
108040,A
108041,C
108042,A
108043,A
108044,A
108045,C
108046,D
108047,C
108048,D
108049,B
108050,C
108051,C
108052,D
108053,A
108054,C
108055,C
108056,B
108057,A
108058,A
108059,C
108060,A
108061,A
108062,C
108063,D
108064,D
108065,D
108066,B
108067,A
108068,C
108069,B
108070,B
108071,D
108072,B
108073,B
108074,B
108075,C
108076,A
108077,D
108078,B
108079,D
108080,A
108081,D
108082,D
108083,C
108084,A
108085,C
108086,A
108087,B
108088,C
108089,D
108090,D
108091,C
108092,D
108093,A
108094,B
108095,A
108096,D
108097,C
108098,B
108099,C
108100,A
108101,D
108102,D
108103,C
108104,D
108105,D
108106,D
108107,A
108108,A
108109,C
108110,D
108111,B
108112,B
108113,D
108114,D
108115,A
108116,B
108117,C
108118,A
108119,D
108120,C
108121,D
108122,B
108123,C
108124,A
108125,D
108126,C
108127,D
108128,D
108129,B
108130,C
108131,B
108132,D
108133,A
108134,B
108135,D
108136,B
108137,A
108138,A
108139,A
108140,A
108141,D
108142,D
108143,B
108144,A
108145,D
108146,A
108147,A
108148,B
108149,C
108150,D
108151,C
108152,D
108153,A
108154,A
108155,A
108156,C
108157,A
108158,C
108159,C
108160,A
108161,A
108162,D
108163,B
108164,B
108165,A
108166,A
108167,A
108168,B
108169,D
108170,A
108171,A
108172,A
108173,A
108174,C
108175,B
108176,D
108177,A
108178,D
108179,C
108180,A
108181,A
108182,B
108183,A
108184,D
108185,A
108186,D
108187,C
108188,A
108189,D
108190,B
108191,C
108192,A
108193,C
108194,B
108195,A
108196,A
108197,A
108198,B
108199,D
108200,D
108201,B
108202,A
108203,B
108204,D
108205,B
108206,D
108207,C
108208,C
108209,C
108210,D
108211,B
108212,C
108213,C
108214,A
108215,A
108216,C
108217,B
108218,A
108219,D
108220,D
108221,D
108222,C
108223,D
108224,A
108225,C
108226,C
108227,C
108228,A
108229,D
108230,A
108231,B
108232,C
108233,B
108234,D
108235,C
108236,C
108237,D
108238,A
108239,D
108240,D
108241,B
108242,A
108243,D
108244,A
108245,A
108246,B
108247,C
108248,C
108249,C
108250,B
108251,A
108252,D
108253,D
108254,D
108255,D
108256,B
108257,B
108258,A
108259,B
108260,A
108261,C
108262,C
108263,D
108264,C
108265,C
108266,D
108267,B
108268,A
108269,B
108270,D
108271,A
108272,D
108273,B
108274,B
108275,C
108276,D
108277,B
108278,B
108279,C
108280,C
108281,D
108282,C
108283,D
108284,D
108285,B
108286,B
108287,B
108288,B
108289,C
108290,D
108291,C
108292,B
108293,D
108294,C
108295,A
108296,A
108297,A
108298,D
108299,C
108300,D
108301,C
108302,A
108303,D
108304,B
108305,B
108306,C
108307,C
108308,A
108309,D
108310,C
108311,C
108312,A
108313,A
108314,C
108315,A
108316,B
108317,A
108318,B
108319,C
108320,C
108321,B
108322,C
108323,B
108324,C
108325,A
108326,D
108327,D
108328,C
108329,A
108330,D
108331,D
108332,A
108333,A
108334,D
108335,B
108336,A
108337,C
108338,D
108339,C
108340,B
108341,A
108342,A
108343,D
108344,A
108345,A
108346,A
108347,D
108348,C
108349,C
108350,C
108351,A
108352,B
108353,D
108354,D
108355,D
108356,A
108357,D
108358,A
108359,A
108360,A
108361,C
108362,D
108363,C
108364,D
108365,C
108366,C
108367,A
108368,D
108369,C
108370,B
108371,D
108372,B
108373,B
108374,B
108375,B
108376,C
108377,A
108378,D
108379,A
108380,B
108381,B
108382,A
108383,B
108384,A
108385,D
108386,C
108387,A
108388,A
108389,D
108390,C
108391,C
108392,D
108393,B
108394,A
108395,D
108396,D
108397,C
108398,B
108399,B
108400,C
108401,A
108402,B
108403,C
108404,D
108405,B
108406,A
108407,C
108408,B
108409,D
108410,D
108411,C
108412,D
108413,C
108414,D
108415,B
108416,D
108417,C
108418,C
108419,B
108420,C
108421,B
108422,A
108423,C
108424,A
108425,C
108426,B
108427,D
108428,C
108429,D
108430,D
108431,D
108432,D
108433,D
108434,A
108435,C
108436,B
108437,A
108438,C
108439,A
108440,B
108441,C
108442,C
108443,C
108444,D
108445,D
108446,D
108447,D
108448,D
108449,D
108450,A
108451,B
108452,B
108453,A
108454,A
108455,B
108456,A
108457,B
108458,D
108459,D
108460,A
108461,C
108462,D
108463,B
108464,C
108465,A
108466,D
108467,D
108468,A
108469,C
108470,D
108471,B
108472,C
108473,C
108474,C
108475,A
108476,C
108477,D
108478,A
108479,C
108480,B
108481,D
108482,B
108483,D
108484,A
108485,A
108486,B
108487,A
108488,A
108489,D
108490,D
108491,C
108492,B
108493,D
108494,B
108495,C
108496,B
108497,D
108498,D
108499,B
108500,C
108501,C
108502,B
108503,C
108504,B
108505,A
108506,A
108507,D
108508,C
108509,C
108510,C
108511,B
108512,A
108513,C
108514,A
108515,D
108516,A
108517,D
108518,B
108519,B
108520,A
108521,D
108522,C
108523,B
108524,C
108525,C
108526,A
108527,A
108528,D
108529,C
108530,B
108531,A
108532,D
108533,D
108534,D
108535,A
108536,C
108537,B
108538,B
108539,B
108540,A
108541,C
108542,D
108543,D
108544,C
108545,D
108546,C
108547,C
108548,C
108549,C
108550,B
108551,C
108552,D
108553,D
108554,D
108555,A
108556,A
108557,D
108558,A
108559,B
108560,D
108561,D
108562,A
108563,B
108564,A
108565,C
108566,B
108567,A
108568,C
108569,D
108570,B
108571,B
108572,C
108573,A
108574,C
108575,A
108576,D
108577,B
108578,B
108579,D
108580,D
108581,C
108582,D
108583,D
108584,B
108585,A
108586,B
108587,D
108588,C
108589,C
108590,D
108591,A
108592,A
108593,C
108594,D
108595,B
108596,B
108597,B
108598,A
108599,A
108600,C
108601,C
108602,A
108603,D
108604,A
108605,B
108606,B
108607,C
108608,B
108609,B
108610,B
108611,D
108612,A
108613,A
108614,D
108615,B
108616,D
108617,A
108618,D
108619,D
108620,B
108621,A
108622,B
108623,C
108624,A
108625,A
108626,A
108627,A
108628,C
108629,D
108630,D
108631,A
108632,B
108633,D
108634,C
108635,A
108636,D
108637,C
108638,D
108639,B
108640,D
108641,C
108642,C
108643,C
108644,D
108645,B
108646,A
108647,A
108648,D
108649,C
108650,A
108651,C
108652,C
108653,D
108654,B
108655,B
108656,A
108657,D
108658,B
108659,D
108660,B
108661,B
108662,D
108663,B
108664,B
108665,A
108666,D
108667,A
108668,A
108669,C
108670,D
108671,A
108672,B
108673,D
108674,D
108675,A
108676,B
108677,C
108678,D
108679,D
108680,A
108681,D
108682,B
108683,D
108684,B
108685,B
108686,B
108687,A
108688,C
108689,A
108690,B
108691,C
108692,C
108693,D
108694,D
108695,D
108696,A
108697,B
108698,B
108699,C
108700,D
108701,C
108702,B
108703,D
108704,C
108705,B
108706,B
108707,B
108708,B
108709,C
108710,B
108711,D
108712,A
108713,C
108714,C
108715,C
108716,B
108717,A
108718,D
108719,C
108720,B
108721,D
108722,B
108723,D
108724,C
108725,B
108726,A
108727,B
108728,A
108729,B
108730,C
108731,D
108732,D
108733,C
108734,C
108735,D
108736,D
108737,A
108738,A
108739,A
108740,A
108741,D
108742,C
108743,A
108744,B
108745,A
108746,C
108747,B
108748,B
108749,B
108750,C
108751,A
108752,B
108753,A
108754,B
108755,B
108756,D
108757,B
108758,D
108759,C
108760,A
108761,A
108762,D
108763,B
108764,B
108765,C
108766,A
108767,B
108768,D
108769,D
108770,C
108771,B
108772,B
108773,D
108774,B
108775,B
108776,A
108777,B
108778,B
108779,C
108780,A
108781,B
108782,A
108783,C
108784,C
108785,C
108786,D
108787,A
108788,D
108789,D
108790,C
108791,A
108792,B
108793,D
108794,A
108795,C
108796,B
108797,D
108798,B
108799,C
108800,B
108801,D
108802,C
108803,C
108804,C
108805,A
108806,C
108807,A
108808,D
108809,A
108810,D
108811,D
108812,D
108813,B
108814,B
108815,B
108816,C
108817,B
108818,C
108819,C
108820,C
108821,D
108822,A
108823,B
108824,A
108825,C
108826,D
108827,D
108828,C
108829,D
108830,A
108831,C
108832,D
108833,A
108834,A
108835,D
108836,A
108837,D
108838,C
108839,B
108840,A
108841,D
108842,D
108843,D
108844,B
108845,A
108846,B
108847,B
108848,B
108849,D
108850,B
108851,A
108852,C
108853,B
108854,A
108855,D
108856,B
108857,D
108858,A
108859,D
108860,A
108861,D
108862,C
108863,D
108864,B
108865,C
108866,B
108867,C
108868,C
108869,A
108870,B
108871,A
108872,B
108873,D
108874,A
108875,A
108876,B
108877,B
108878,B
108879,A
108880,B
108881,A
108882,A
108883,B
108884,A
108885,C
108886,C
108887,C
108888,C
108889,D
108890,B
108891,C
108892,D
108893,B
108894,A
108895,A
108896,B
108897,A
108898,D
108899,C
108900,A
108901,A
108902,A
108903,B
108904,C
108905,B
108906,B
108907,C
108908,A
108909,C
108910,A
108911,C
108912,A
108913,D
108914,B
108915,D
108916,C
108917,D
108918,A
108919,D
108920,B
108921,A
108922,D
108923,B
108924,D
108925,D
108926,B
108927,A
108928,B
108929,D
108930,C
108931,B
108932,B
108933,B
108934,C
108935,D
108936,D
108937,D
108938,B
108939,D
108940,B
108941,C
108942,D
108943,C
108944,A
108945,B
108946,A
108947,D
108948,A
108949,D
108950,D
108951,C
108952,C
108953,D
108954,C
108955,C
108956,A
108957,B
108958,D
108959,C
108960,B
108961,B
108962,B
108963,A
108964,A
108965,B
108966,D
108967,A
108968,C
108969,D
108970,B
108971,C
108972,B
108973,A
108974,C
108975,A
108976,C
108977,B
108978,D
108979,B
108980,A
108981,A
108982,D
108983,B
108984,B
108985,A
108986,C
108987,A
108988,B
108989,B
108990,A
108991,C
108992,B
108993,D
108994,A
108995,B
108996,C
108997,C
108998,C
108999,B
109000,B
109001,D
109002,C
109003,C
109004,C
109005,A
109006,A
109007,B
109008,C
109009,B
109010,B
109011,C
109012,A
109013,A
109014,C
109015,A
109016,C
109017,B
109018,C
109019,C
109020,C
109021,D
109022,C
109023,B
109024,D
109025,B
109026,D
109027,C
109028,D
109029,A
109030,B
109031,D
109032,D
109033,D
109034,A
109035,C
109036,C
109037,B
109038,D
109039,C
109040,A
109041,D
109042,B
109043,D
109044,A
109045,D
109046,D
109047,D
109048,C
109049,A
109050,D
109051,B
109052,D
109053,B
109054,A
109055,A
109056,A
109057,B
109058,A
109059,D
109060,B
109061,B
109062,C
109063,C
109064,A
109065,B
109066,C
109067,A
109068,B
109069,A
109070,D
109071,D
109072,B
109073,C
109074,A
109075,D
109076,A
109077,D
109078,B
109079,D
109080,D
109081,A
109082,A
109083,A
109084,C
109085,C
109086,A
109087,B
109088,A
109089,A
109090,A
109091,C
109092,A
109093,A
109094,A
109095,D
109096,D
109097,C
109098,A
109099,B
109100,D
109101,B
109102,D
109103,A
109104,D
109105,A
109106,D
109107,D
109108,A
109109,D
109110,B
109111,A
109112,A
109113,C
109114,B
109115,D
109116,B
109117,A
109118,D
109119,D
109120,B
109121,C
109122,B
109123,B
109124,C
109125,B
109126,B
109127,B
109128,D
109129,C
109130,D
109131,D
109132,D
109133,A
109134,D
109135,A
109136,A
109137,D
109138,C
109139,A
109140,C
109141,B
109142,D
109143,C
109144,B
109145,C
109146,C
109147,D
109148,A
109149,D
109150,D
109151,B
109152,B
109153,D
109154,B
109155,A
109156,A
109157,C
109158,C
109159,C
109160,A
109161,A
109162,B
109163,A
109164,B
109165,A
109166,C
109167,B
109168,B
109169,D
109170,B
109171,D
109172,D
109173,A
109174,A
109175,C
109176,C
109177,D
109178,A
109179,B
109180,C
109181,A
109182,C
109183,C
109184,A
109185,A
109186,C
109187,C
109188,D
109189,D
109190,D
109191,D
109192,D
109193,D
109194,D
109195,C
109196,A
109197,A
109198,A
109199,A
109200,C
109201,A
109202,A
109203,A
109204,D
109205,D
109206,D
109207,C
109208,B
109209,B
109210,A
109211,D
109212,A
109213,C
109214,D
109215,B
109216,C
109217,D
109218,B
109219,D
109220,A
109221,D
109222,B
109223,A
109224,B
109225,C
109226,B
109227,D
109228,B
109229,A
109230,D
109231,C
109232,C
109233,A
109234,C
109235,C
109236,D
109237,B
109238,C
109239,B
109240,C
109241,C
109242,D
109243,A
109244,D
109245,B
109246,C
109247,D
109248,C
109249,C
109250,A
109251,C
109252,A
109253,D
109254,C
109255,A
109256,D
109257,A
109258,D
109259,B
109260,D
109261,B
109262,C
109263,C
109264,A
109265,A
109266,C
109267,A
109268,B
109269,B
109270,C
109271,B
109272,C
109273,B
109274,A
109275,C
109276,B
109277,B
109278,D
109279,A
109280,B
109281,B
109282,A
109283,D
109284,B
109285,C
109286,A
109287,A
109288,C
109289,C
109290,D
109291,A
109292,D
109293,B
109294,A
109295,A
109296,C
109297,A
109298,D
109299,B
109300,C
109301,A
109302,B
109303,D
109304,A
109305,D
109306,D
109307,A
109308,D
109309,A
109310,C
109311,B
109312,C
109313,B
109314,C
109315,B
109316,D
109317,C
109318,A
109319,D
109320,C
109321,B
109322,A
109323,B
109324,D
109325,B
109326,D
109327,B
109328,C
109329,B
109330,D
109331,A
109332,B
109333,D
109334,C
109335,C
109336,B
109337,C
109338,C
109339,D
109340,C
109341,C
109342,B
109343,D
109344,C
109345,A
109346,D
109347,D
109348,C
109349,D
109350,C
109351,A
109352,A
109353,B
109354,C
109355,B
109356,D
109357,D
109358,B
109359,C
109360,D
109361,C
109362,D
109363,B
109364,C
109365,D
109366,C
109367,B
109368,B
109369,D
109370,D
109371,D
109372,B
109373,B
109374,D
109375,C
109376,D
109377,A
109378,D
109379,A
109380,D
109381,C
109382,B
109383,C
109384,D
109385,A
109386,B
109387,C
109388,D
109389,A
109390,A
109391,A
109392,B
109393,B
109394,A
109395,A
109396,D
109397,C
109398,D
109399,C
109400,B
109401,D
109402,A
109403,D
109404,C
109405,A
109406,A
109407,A
109408,C
109409,B
109410,A
109411,C
109412,C
109413,A
109414,D
109415,A
109416,D
109417,C
109418,A
109419,A
109420,C
109421,A
109422,C
109423,B
109424,C
109425,C
109426,D
109427,C
109428,A
109429,A
109430,B
109431,D
109432,A
109433,C
109434,C
109435,A
109436,D
109437,A
109438,C
109439,C
109440,C
109441,A
109442,D
109443,A
109444,B
109445,D
109446,B
109447,B
109448,A
109449,C
109450,C
109451,A
109452,A
109453,C
109454,C
109455,D
109456,C
109457,D
109458,B
109459,C
109460,A
109461,B
109462,B
109463,D
109464,A
109465,C
109466,B
109467,B
109468,A
109469,D
109470,C
109471,C
109472,C
109473,C
109474,C
109475,C
109476,D
109477,D
109478,B
109479,B
109480,A
109481,D
109482,D
109483,A
109484,B
109485,D
109486,C
109487,D
109488,C
109489,D
109490,D
109491,D
109492,A
109493,D
109494,A
109495,B
109496,B
109497,D
109498,D
109499,B
109500,D
109501,B
109502,B
109503,D
109504,C
109505,B
109506,D
109507,A
109508,D
109509,B
109510,D
109511,C
109512,B
109513,C
109514,C
109515,A
109516,B
109517,A
109518,A
109519,C
109520,A
109521,D
109522,A
109523,B
109524,D
109525,B
109526,A
109527,D
109528,C
109529,D
109530,A
109531,D
109532,C
109533,C
109534,C
109535,D
109536,B
109537,B
109538,B
109539,A
109540,B
109541,A
109542,A
109543,D
109544,A
109545,C
109546,C
109547,D
109548,D
109549,A
109550,C
109551,B
109552,B
109553,C
109554,A
109555,D
109556,D
109557,C
109558,C
109559,B
109560,A
109561,C
109562,B
109563,D
109564,A
109565,D
109566,D
109567,B
109568,D
109569,C
109570,B
109571,A
109572,C
109573,B
109574,B
109575,D
109576,C
109577,B
109578,D
109579,A
109580,B
109581,A
109582,B
109583,C
109584,B
109585,C
109586,C
109587,C
109588,C
109589,D
109590,A
109591,A
109592,D
109593,D
109594,A
109595,C
109596,C
109597,B
109598,B
109599,C
109600,A
109601,C
109602,D
109603,D
109604,D
109605,B
109606,B
109607,C
109608,C
109609,C
109610,A
109611,A
109612,C
109613,C
109614,D
109615,C
109616,C
109617,B
109618,D
109619,B
109620,B
109621,C
109622,B
109623,A
109624,B
109625,C
109626,A
109627,A
109628,B
109629,C
109630,C
109631,A
109632,B
109633,D
109634,B
109635,A
109636,B
109637,A
109638,B
109639,A
109640,D
109641,D
109642,C
109643,A
109644,C
109645,B
109646,A
109647,A
109648,B
109649,A
109650,D
109651,C
109652,C
109653,B
109654,A
109655,D
109656,C
109657,B
109658,B
109659,C
109660,C
109661,A
109662,C
109663,B
109664,D
109665,C
109666,A
109667,A
109668,C
109669,C
109670,C
109671,C
109672,B
109673,A
109674,C
109675,D
109676,A
109677,C
109678,C
109679,B
109680,A
109681,A
109682,C
109683,C
109684,A
109685,B
109686,C
109687,A
109688,C
109689,B
109690,C
109691,D
109692,A
109693,A
109694,D
109695,C
109696,C
109697,B
109698,D
109699,B
109700,B
109701,B
109702,B
109703,C
109704,C
109705,C
109706,A
109707,A
109708,B
109709,B
109710,A
109711,A
109712,C
109713,B
109714,A
109715,A
109716,B
109717,C
109718,D
109719,D
109720,A
109721,B
109722,B
109723,D
109724,D
109725,D
109726,C
109727,B
109728,A
109729,A
109730,B
109731,A
109732,D
109733,B
109734,A
109735,D
109736,C
109737,C
109738,C
109739,D
109740,D
109741,A
109742,B
109743,B
109744,A
109745,D
109746,D
109747,A
109748,B
109749,B
109750,C
109751,A
109752,C
109753,D
109754,D
109755,C
109756,C
109757,D
109758,B
109759,A
109760,B
109761,D
109762,C
109763,D
109764,D
109765,A
109766,C
109767,A
109768,C
109769,B
109770,A
109771,D
109772,B
109773,C
109774,D
109775,A
109776,C
109777,C
109778,C
109779,C
109780,A
109781,D
109782,B
109783,C
109784,C
109785,B
109786,D
109787,D
109788,C
109789,A
109790,C
109791,D
109792,C
109793,C
109794,C
109795,B
109796,B
109797,A
109798,D
109799,B
109800,A
109801,C
109802,A
109803,A
109804,D
109805,B
109806,A
109807,D
109808,D
109809,C
109810,B
109811,B
109812,C
109813,B
109814,C
109815,C
109816,C
109817,A
109818,C
109819,A
109820,C
109821,D
109822,D
109823,C
109824,A
109825,D
109826,B
109827,D
109828,B
109829,D
109830,B
109831,D
109832,B
109833,D
109834,C
109835,D
109836,A
109837,B
109838,D
109839,D
109840,B
109841,D
109842,B
109843,C
109844,C
109845,C
109846,B
109847,B
109848,A
109849,D
109850,A
109851,A
109852,A
109853,D
109854,A
109855,A
109856,B
109857,A
109858,C
109859,A
109860,A
109861,D
109862,C
109863,A
109864,D
109865,B
109866,A
109867,B
109868,A
109869,B
109870,C
109871,D
109872,D
109873,B
109874,B
109875,B
109876,B
109877,A
109878,C
109879,B
109880,D
109881,A
109882,D
109883,A
109884,B
109885,C
109886,A
109887,A
109888,B
109889,D
109890,A
109891,B
109892,C
109893,A
109894,D
109895,B
109896,A
109897,D
109898,D
109899,D
109900,B
109901,B
109902,B
109903,A
109904,D
109905,D
109906,B
109907,B
109908,C
109909,A
109910,B
109911,A
109912,D
109913,D
109914,B
109915,A
109916,C
109917,D
109918,D
109919,C
109920,D
109921,D
109922,D
109923,C
109924,D
109925,B
109926,B
109927,B
109928,C
109929,C
109930,C
109931,D
109932,D
109933,C
109934,D
109935,B
109936,D
109937,B
109938,D
109939,B
109940,B
109941,D
109942,C
109943,D
109944,D
109945,B
109946,C
109947,B
109948,B
109949,C
109950,C
109951,A
109952,B
109953,B
109954,D
109955,C
109956,B
109957,B
109958,A
109959,B
109960,D
109961,B
109962,A
109963,D
109964,D
109965,C
109966,C
109967,B
109968,A
109969,D
109970,B
109971,C
109972,B
109973,D
109974,A
109975,D
109976,C
109977,A
109978,C
109979,C
109980,B
109981,B
109982,A
109983,C
109984,D
109985,B
109986,B
109987,C
109988,A
109989,D
109990,C
109991,D
109992,C
109993,B
109994,D
109995,D
109996,D
109997,D
109998,D
109999,C
110000,C
110001,B
110002,D
110003,C
110004,D
110005,C
110006,A
110007,B
110008,A
110009,D
110010,A
110011,C
110012,A
110013,A
110014,A
110015,B
110016,C
110017,D
110018,A
110019,A
110020,C
110021,A
110022,D
110023,B
110024,C
110025,C
110026,C
110027,D
110028,C
110029,C
110030,D
110031,D
110032,A
110033,D
110034,A
110035,C
110036,B
110037,D
110038,B
110039,D
110040,B
110041,B
110042,B
110043,C
110044,A
110045,C
110046,A
110047,B
110048,A
110049,D
110050,A
110051,B
110052,B
110053,A
110054,D
110055,A
110056,B
110057,D
110058,A
110059,A
110060,C
110061,B
110062,C
110063,B
110064,C
110065,A
110066,C
110067,D
110068,C
110069,D
110070,D
110071,A
110072,B
110073,C
110074,A
110075,C
110076,A
110077,A
110078,B
110079,D
110080,A
110081,B
110082,C
110083,C
110084,D
110085,D
110086,B
110087,C
110088,B
110089,A
110090,C
110091,A
110092,A
110093,C
110094,A
110095,B
110096,C
110097,D
110098,A
110099,D
110100,D
110101,D
110102,B
110103,B
110104,D
110105,A
110106,C
110107,B
110108,D
110109,D
110110,B
110111,C
110112,B
110113,B
110114,C
110115,B
110116,B
110117,D
110118,D
110119,D
110120,A
110121,B
110122,A
110123,C
110124,C
110125,C
110126,B
110127,C
110128,C
110129,D
110130,A
110131,D
110132,D
110133,C
110134,A
110135,C
110136,B
110137,B
110138,C
110139,C
110140,A
110141,A
110142,C
110143,B
110144,B
110145,C
110146,B
110147,C
110148,C
110149,D
110150,A
110151,D
110152,D
110153,D
110154,D
110155,D
110156,D
110157,C
110158,B
110159,D
110160,D
110161,A
110162,A
110163,D
110164,B
110165,D
110166,A
110167,D
110168,D
110169,D
110170,C
110171,B
110172,D
110173,D
110174,C
110175,A
110176,D
110177,B
110178,C
110179,D
110180,A
110181,D
110182,D
110183,A
110184,B
110185,B
110186,D
110187,C
110188,C
110189,B
110190,B
110191,D
110192,C
110193,C
110194,D
110195,B
110196,B
110197,C
110198,C
110199,A
110200,A
110201,B
110202,D
110203,A
110204,C
110205,D
110206,C
110207,A
110208,B
110209,D
110210,D
110211,A
110212,C
110213,B
110214,A
110215,A
110216,C
110217,C
110218,A
110219,D
110220,B
110221,D
110222,D
110223,C
110224,A
110225,B
110226,B
110227,A
110228,D
110229,B
110230,B
110231,A
110232,D
110233,A
110234,A
110235,A
110236,D
110237,D
110238,B
110239,C
110240,C
110241,A
110242,D
110243,D
110244,C
110245,A
110246,A
110247,B
110248,B
110249,C
110250,B
110251,C
110252,B
110253,C
110254,B
110255,B
110256,C
110257,D
110258,C
110259,A
110260,B
110261,C
110262,B
110263,C
110264,C
110265,D
110266,A
110267,D
110268,B
110269,A
110270,D
110271,D
110272,A
110273,B
110274,D
110275,A
110276,D
110277,D
110278,B
110279,C
110280,D
110281,D
110282,B
110283,D
110284,A
110285,D
110286,D
110287,A
110288,B
110289,A
110290,B
110291,D
110292,B
110293,A
110294,D
110295,D
110296,C
110297,D
110298,C
110299,A
110300,A
110301,A
110302,C
110303,B
110304,D
110305,A
110306,C
110307,C
110308,A
110309,C
110310,A
110311,B
110312,B
110313,C
110314,A
110315,A
110316,B
110317,B
110318,A
110319,A
110320,D
110321,A
110322,D
110323,B
110324,A
110325,B
110326,C
110327,A
110328,D
110329,B
110330,A
110331,C
110332,D
110333,A
110334,D
110335,A
110336,B
110337,D
110338,D
110339,B
110340,A
110341,D
110342,D
110343,B
110344,A
110345,B
110346,B
110347,D
110348,A
110349,A
110350,C
110351,C
110352,D
110353,B
110354,B
110355,A
110356,B
110357,D
110358,B
110359,C
110360,D
110361,C
110362,C
110363,C
110364,A
110365,A
110366,B
110367,A
110368,D
110369,D
110370,A
110371,A
110372,B
110373,C
110374,C
110375,D
110376,D
110377,A
110378,D
110379,C
110380,B
110381,B
110382,C
110383,C
110384,B
110385,B
110386,B
110387,B
110388,B
110389,A
110390,B
110391,A
110392,D
110393,A
110394,B
110395,C
110396,D
110397,A
110398,C
110399,B
110400,A
110401,A
110402,B
110403,A
110404,B
110405,A
110406,C
110407,B
110408,A
110409,B
110410,C
110411,D
110412,D
110413,B
110414,D
110415,C
110416,A
110417,C
110418,D
110419,A
110420,A
110421,B
110422,D
110423,D
110424,C
110425,A
110426,A
110427,B
110428,C
110429,D
110430,D
110431,B
110432,D
110433,A
110434,C
110435,D
110436,D
110437,B
110438,B
110439,C
110440,D
110441,D
110442,B
110443,B
110444,C
110445,A
110446,B
110447,C
110448,B
110449,A
110450,A
110451,D
110452,B
110453,B
110454,B
110455,B
110456,D
110457,D
110458,D
110459,A
110460,C
110461,C
110462,D
110463,B
110464,D
110465,A
110466,B
110467,A
110468,C
110469,D
110470,A
110471,D
110472,C
110473,A
110474,B
110475,D
110476,D
110477,B
110478,C
110479,B
110480,B
110481,C
110482,A
110483,D
110484,B
110485,C
110486,D
110487,B
110488,D
110489,A
110490,A
110491,A
110492,C
110493,B
110494,A
110495,C
110496,D
110497,C
110498,D
110499,A
110500,A
110501,A
110502,D
110503,D
110504,C
110505,B
110506,B
110507,B
110508,C
110509,A
110510,B
110511,C
110512,A
110513,D
110514,C
110515,B
110516,D
110517,C
110518,C
110519,B
110520,B
110521,C
110522,A
110523,D
110524,A
110525,D
110526,D
110527,B
110528,A
110529,C
110530,D
110531,A
110532,B
110533,C
110534,D
110535,D
110536,D
110537,B
110538,C
110539,C
110540,C
110541,A
110542,C
110543,D
110544,B
110545,C
110546,B
110547,D
110548,D
110549,D
110550,B
110551,B
110552,B
110553,A
110554,B
110555,B
110556,D
110557,A
110558,B
110559,A
110560,C
110561,D
110562,D
110563,B
110564,D
110565,D
110566,A
110567,A
110568,D
110569,C
110570,D
110571,D
110572,C
110573,B
110574,D
110575,C
110576,D
110577,B
110578,B
110579,D
110580,B
110581,A
110582,C
110583,B
110584,A
110585,A
110586,D
110587,A
110588,D
110589,A
110590,D
110591,D
110592,C
110593,A
110594,D
110595,A
110596,B
110597,D
110598,A
110599,A
110600,C
110601,B
110602,D
110603,A
110604,A
110605,C
110606,C
110607,B
110608,D
110609,D
110610,B
110611,D
110612,C
110613,C
110614,C
110615,A
110616,A
110617,D
110618,A
110619,D
110620,D
110621,A
110622,B
110623,B
110624,B
110625,B
110626,B
110627,A
110628,A
110629,D
110630,B
110631,A
110632,A
